2021-04-07 17:24:24,-2.2990096,1.185017,9.934225
2021-04-07 17:24:25,-4.4325824,0.84645605,8.746068
2021-04-07 17:24:25,-3.9407108,2.6797955,5.156044
2021-04-07 17:24:25,-5.5504723,-3.0885165,4.0956454
2021-04-07 17:24:25,-8.993573,-8.658803,-0.06929282
2021-04-07 17:24:25,-4.5475655,-10.300504,-0.89972544
2021-04-07 17:24:26,-3.8576677,-8.403285,-1.0210963
2021-04-07 17:24:26,-1.9093451,-11.11816,-3.4357383
2021-04-07 17:24:26,-0.10155735,-7.943353,-1.6151749
2021-04-07 17:24:26,0.80553055,-8.990975,-0.9188892
2021-04-07 17:24:26,-0.35068706,-8.313853,-1.6087871
2021-04-07 17:24:27,0.102856845,-10.492143,-2.0048394
2021-04-07 17:24:27,-0.08878151,-8.39051,-2.030391
2021-04-07 17:24:27,-1.3535942,-10.460202,-0.65698355
2021-04-07 17:24:27,-0.51038563,-8.32663,-2.3370125
2021-04-07 17:24:27,-2.1073713,-8.41606,-2.854436
2021-04-07 17:24:28,-0.05045371,-9.7958555,-1.3852091
2021-04-07 17:24:28,0.7799788,-10.28134,-0.9316651
2021-04-07 17:24:28,0.12840866,-9.003751,-1.0977516
2021-04-07 17:24:28,-0.5039977,-6.882955,-1.5193558
2021-04-07 17:24:28,-0.7020239,-13.290062,0.03930221
2021-04-07 17:24:29,-0.8808863,-8.684354,-1.4043728
2021-04-07 17:24:29,-1.922121,-8.237199,-3.192997
2021-04-07 17:24:29,-0.8553346,-9.546726,-3.2760398
2021-04-07 17:24:29,0.16034837,-9.502011,-1.1360792
2021-04-07 17:24:29,-0.44650617,-8.939872,-1.5896231
2021-04-07 17:24:30,-0.6828601,-9.303986,-2.6691856
2021-04-07 17:24:30,-0.87449837,-8.997363,-2.3306243
2021-04-07 17:24:30,-1.0597486,-10.243012,-0.20343964
2021-04-07 17:24:30,-0.39540267,-8.677967,-2.0878828
2021-04-07 17:24:30,-2.1329231,-8.428837,-3.6848686
2021-04-07 17:24:30,-1.2833267,-9.546727,-2.9247034
2021-04-07 17:24:31,0.22422779,-9.355088,-1.2446743
2021-04-07 17:24:31,-0.75951546,-9.220942,-1.3979849
2021-04-07 17:24:31,-0.5167735,-9.029304,-2.7522287
2021-04-07 17:24:31,-1.3535942,-8.997363,-2.6627977
2021-04-07 17:24:31,-1.2386111,-10.319668,-0.25454316
2021-04-07 17:24:32,-0.6189807,-8.473553,-2.2284174
2021-04-07 17:24:32,-2.1009834,-8.269138,-3.8637311
2021-04-07 17:24:32,-1.6793791,-9.623382,-3.4101868
2021-04-07 17:24:32,-0.5487133,-9.457295,-1.0913637
2021-04-07 17:24:32,0.23061569,-8.920709,-1.7940373
2021-04-07 17:24:33,-1.0533608,-8.984588,-2.5030992
2021-04-07 17:24:33,-1.3152665,-8.837666,-3.3399193
2021-04-07 17:24:33,-0.6253686,-10.607125,-0.85500985
2021-04-07 17:24:33,-1.1172402,-8.17332,-2.1389863
2021-04-07 17:24:33,-2.2031906,-8.141379,-4.119249
2021-04-07 17:24:34,-1.5196806,-9.118735,-3.8254032
2021-04-07 17:24:34,0.14757244,-9.495624,-2.2284174
2021-04-07 17:24:34,-0.804231,-9.348701,-1.5193558
2021-04-07 17:24:34,-0.83617085,-8.85683,-2.9502552
2021-04-07 17:24:34,-1.257775,-8.716294,-2.854436
2021-04-07 17:24:35,-1.4110855,-10.485755,-0.5164488
2021-04-07 17:24:35,-0.37623882,-8.428836,-2.043167
2021-04-07 17:24:35,-2.6375704,-8.23081,-4.0042653
2021-04-07 17:24:35,-1.0405849,-9.751142,-2.7586164
2021-04-07 17:24:35,0.75442713,-9.310374,-1.6535028
2021-04-07 17:24:36,-0.9639295,-9.189002,-1.5960112
2021-04-07 17:24:36,-0.6189807,-8.94626,-2.816108
2021-04-07 17:24:36,-1.251387,-8.895157,-2.4264438
2021-04-07 17:24:36,-1.5388442,-10.287728,-0.46534523
2021-04-07 17:24:36,-0.26125586,-8.754622,-2.3497884
2021-04-07 17:24:36,-2.5289755,-8.224422,-3.7998512
2021-04-07 17:24:37,-1.3663701,-9.399804,-2.8097203
2021-04-07 17:24:37,1.0099448,-9.425356,-1.5896231
2021-04-07 17:24:37,-1.6666034,-9.246493,-1.8579167
2021-04-07 17:24:37,-0.40817857,-8.856829,-3.2632644
2021-04-07 17:24:37,-0.6317566,-9.035691,-1.7557096
2021-04-07 17:24:38,-1.8965694,-9.90445,-1.1296912
2021-04-07 17:24:38,-1.1236281,-8.390509,-2.9119275
2021-04-07 17:24:38,-3.027235,-8.920708,-3.8317912
2021-04-07 17:24:38,-0.45928207,-9.949166,-1.3532695
2021-04-07 17:24:38,0.32643494,-8.927096,-2.3945038
2021-04-07 17:24:39,-1.5452323,-8.869605,-2.0878828
2021-04-07 17:24:39,-0.22292823,-8.767398,-3.1802208
2021-04-07 17:24:39,-0.6828601,-9.240106,-1.4746403
2021-04-07 17:24:39,-2.139311,-9.885287,-1.3660454
2021-04-07 17:24:39,-0.47844592,-8.396897,-3.020522
2021-04-07 17:24:40,-2.841985,-8.531044,-3.9339983
2021-04-07 17:24:40,-1.2130593,-10.044986,-1.3915969
2021-04-07 17:24:40,0.74803907,-9.144286,-2.2220294
2021-04-07 17:24:40,-1.813526,-8.633251,-2.2603571
2021-04-07 17:24:40,-0.17182462,-8.971812,-3.3718588
2021-04-07 17:24:41,-0.139885,-10.121642,-0.66337156
2021-04-07 17:24:41,-1.9093453,-8.990976,-1.9026324
2021-04-07 17:24:41,-1.8326899,-7.9497414,-3.7615235
2021-04-07 17:24:41,-1.8326899,-9.808632,-3.3654711
2021-04-07 17:24:41,-0.19737642,-9.278434,-1.4746403
2021-04-07 17:24:42,-0.11433319,-9.137898,-1.5576835
2021-04-07 17:24:42,-1.2194471,-8.933484,-2.6755733
2021-04-07 17:24:42,-1.3663701,-8.8823805,-3.263264
2021-04-07 17:24:42,-0.695636,-10.243012,-0.42062965
2021-04-07 17:24:42,-1.5132927,-8.79295,-1.9856757
2021-04-07 17:24:42,-1.8518537,-8.020008,-3.595437
2021-04-07 17:24:43,-1.2705508,-9.463683,-3.7615235
2021-04-07 17:24:43,0.16034834,-9.348701,-1.4171487
2021-04-07 17:24:43,-0.8744984,-9.393416,-1.3596573
2021-04-07 17:24:43,-0.6892481,-8.486328,-3.4485147
2021-04-07 17:24:43,-1.0469729,-9.431743,-1.4746404
2021-04-07 17:24:44,-2.2862337,-9.578666,-1.1999587
2021-04-07 17:24:44,-1.1938955,-8.307466,-2.707513
2021-04-07 17:24:44,-3.0144594,-8.531043,-4.2278438
2021-04-07 17:24:44,-0.8361707,-10.428264,-1.1488552
2021-04-07 17:24:44,1.2271347,-8.939872,-2.1964777
2021-04-07 17:24:45,-1.7943621,-8.850441,-2.1134346
2021-04-07 17:24:45,-0.12072118,-8.792949,-3.403799
2021-04-07 17:24:45,0.12202076,-9.6680975,-1.283002
2021-04-07 17:24:45,-2.247906,-9.674485,-1.4554764
2021-04-07 17:24:45,-0.79784304,-7.6878357,-3.6593168
2021-04-07 17:24:46,-2.503424,-9.981107,-3.3846352
2021-04-07 17:24:46,0.33282283,-9.450908,-1.3213296
2021-04-07 17:24:46,-0.13988498,-9.061242,-1.8643049
2021-04-07 17:24:46,-1.3280423,-8.920709,-2.6500216
2021-04-07 17:24:46,-1.0725245,-8.888769,-3.020522
2021-04-07 17:24:47,-0.57426506,-10.415486,-0.19705169
2021-04-07 17:24:47,-0.6636963,-8.467164,-2.2284174
2021-04-07 17:24:47,-1.8965693,-8.301078,-3.9020586
2021-04-07 17:24:47,-1.2194473,-9.527564,-2.5094867
2021-04-07 17:24:47,1.0035567,-9.680874,-1.4618644
2021-04-07 17:24:47,-1.6602154,-8.837665,-2.2156417
2021-04-07 17:24:48,-0.114333175,-9.01014,-3.1099536
2021-04-07 17:24:48,-0.7339638,-9.0931835,-1.6535028
2021-04-07 17:24:48,-1.8965691,-9.993882,-1.155243
2021-04-07 17:24:48,-0.580653,-8.17332,-2.9949703
2021-04-07 17:24:48,-2.6311827,-9.16345,-3.940386
2021-04-07 17:24:49,-0.3762389,-9.866124,-1.2318984
2021-04-07 17:24:49,0.17951219,-8.875993,-2.2411933
2021-04-07 17:24:49,-1.2194473,-8.799337,-2.4903233
2021-04-07 17:24:49,-0.95754164,-9.144287,-3.2249365
2021-04-07 17:24:49,0.13479657,-9.866124,-0.7016991
2021-04-07 17:24:50,-1.7432585,-8.990975,-1.6535025
2021-04-07 17:24:50,-1.6666034,-8.083888,-3.5826614
2021-04-07 17:24:50,-1.4174734,-9.62977,-3.4549024
2021-04-07 17:24:50,0.21145189,-9.361477,-1.5576836
2021-04-07 17:24:50,-0.4017906,-9.335925,-1.4490885
2021-04-07 17:24:51,-0.8170068,-8.901546,-2.7650049
2021-04-07 17:24:51,-1.6154999,-9.01014,-3.1163416
2021-04-07 17:24:51,-0.32513526,-10.147193,-0.53561264
2021-04-07 17:24:51,-0.7914551,-8.505492,-2.2092535
2021-04-07 17:24:51,-2.7908812,-8.020008,-4.3364387
2021-04-07 17:24:52,-1.1491799,-10.543245,-2.0687191
2021-04-07 17:24:52,0.7480392,-8.550208,-2.5733666
2021-04-07 17:24:52,-1.3152665,-8.9782,-2.2667449
2021-04-07 17:24:52,0.051753283,-8.652415,-3.2249367
2021-04-07 17:24:52,0.23700364,-10.064149,-1.0913637
2021-04-07 17:24:53,-1.9157329,-9.105959,-1.7365459
2021-04-07 17:24:53,-1.7943621,-8.000844,-4.0681453
2021-04-07 17:24:53,-1.7368708,-9.655322,-3.192997
2021-04-07 17:24:53,0.23700367,-9.291209,-1.8834685
2021-04-07 17:24:53,-0.8936622,-9.291209,-1.4363126
2021-04-07 17:24:53,-0.59342897,-8.850441,-2.7458408
2021-04-07 17:24:54,-1.4621891,-8.863217,-3.0013587
2021-04-07 17:24:54,-0.82978266,-10.396323,-0.14594816
2021-04-07 17:24:54,-0.27403173,-8.524655,-2.0814948
2021-04-07 17:24:54,-2.369277,-8.652414,-3.6848686
2021-04-07 17:24:54,-0.6509204,-9.521175,-3.0524619
2021-04-07 17:24:55,0.24977954,-9.131511,-1.5193558
2021-04-07 17:24:55,-1.1555678,-9.093183,-1.8643045
2021-04-07 17:24:55,-0.6317566,-8.735458,-3.3526955
2021-04-07 17:24:55,-0.5103856,-8.9782,-1.8387529
2021-04-07 17:24:55,-1.8901812,-10.396323,-1.1041394
2021-04-07 17:24:56,-0.45928207,-8.192483,-2.6819613
2021-04-07 17:24:56,-3.0400112,-8.614087,-4.100085
2021-04-07 17:24:56,-0.6253686,-9.917227,-1.72377
2021-04-07 17:24:56,1.0227207,-9.291209,-1.8068132
2021-04-07 17:24:56,-1.8390776,-8.677966,-2.2475812
2021-04-07 17:24:57,-0.22931619,-8.895156,-3.3526955
2021-04-07 17:24:57,-0.21654029,-10.013047,-1.0466481
2021-04-07 17:24:57,-1.8646294,-8.901545,-1.9281842
2021-04-07 17:24:57,-2.158475,-8.032784,-4.004266
2021-04-07 17:24:57,-1.4366375,-9.712813,-2.8608239
2021-04-07 17:24:58,0.10285682,-9.067631,-2.145374
2021-04-07 17:24:58,-0.62536865,-9.41258,-1.5896233
2021-04-07 17:24:58,-0.26764384,-8.920709,-3.0205224
2021-04-07 17:24:58,-1.3152665,-8.927096,-2.3625643
2021-04-07 17:24:58,-1.1811196,-9.993882,-0.5867162
2021-04-07 17:24:59,-0.2612559,-8.646027,-2.611694
2021-04-07 17:24:59,-2.2095783,-8.57576,-3.7104204
2021-04-07 17:24:59,-0.54871327,-10.0513735,-1.9217963
2021-04-07 17:24:59,0.7224874,-9.176227,-1.6279508
2021-04-07 17:24:59,-1.5580083,-8.767398,-2.3370123
2021-04-07 17:24:59,-0.5551013,-8.914321,-3.0716257
2021-04-07 17:25:00,-0.39540267,-10.243012,-0.70169926
2021-04-07 17:25:00,-1.6474394,-9.003752,-1.8132013
2021-04-07 17:25:00,-1.3791457,-7.9369655,-3.723196
2021-04-07 17:25:00,-1.6666034,-9.770305,-3.3590834
2021-04-07 17:25:00,0.2689434,-9.291209,-1.6918303
2021-04-07 17:25:01,-0.38262677,-9.303985,-1.4554764
2021-04-07 17:25:01,-0.83617085,-8.939872,-2.816108
2021-04-07 17:25:01,-1.4941288,-8.837666,-2.5605905
2021-04-07 17:25:01,-0.56787723,-10.025823,-0.69531125
2021-04-07 17:25:01,-0.33152327,-8.569371,-2.4200559
2021-04-07 17:25:02,-2.3245614,-8.32663,-4.3236628
2021-04-07 17:25:02,-0.95754164,-10.083314,-1.7940373
2021-04-07 17:25:02,1.0482724,-9.41258,-1.7876495
2021-04-07 17:25:02,-1.4046978,-8.76101,-2.2411933
2021-04-07 17:25:02,-0.30597147,-8.79295,-3.2377126
2021-04-07 17:25:03,0.058141243,-10.153581,-0.8422339
2021-04-07 17:25:03,-2.4203806,-8.971811,-1.819589
2021-04-07 17:25:03,-1.787974,-7.956129,-3.7231963
2021-04-07 17:25:03,-2.0371041,-9.546727,-3.6082132
2021-04-07 17:25:03,6.4980984E-4,-9.380641,-1.7748736
2021-04-07 17:25:04,-0.44011828,-9.214554,-1.3979849
2021-04-07 17:25:04,-0.78506726,-8.952647,-2.707513
2021-04-07 17:25:04,-1.4366374,-8.550208,-3.071626
2021-04-07 17:25:04,-0.5551013,-10.760436,-0.5739403
2021-04-07 17:25:04,-0.8936622,-8.460776,-2.0303912
2021-04-07 17:25:05,-1.6154999,-8.377733,-3.9403858
2021-04-07 17:25:05,-1.2705508,-9.450908,-3.6018255
2021-04-07 17:25:05,-0.35707498,-9.431745,-1.1424673
2021-04-07 17:25:05,0.07091713,-9.157062,-1.6918303
2021-04-07 17:25:05,-1.3983097,-8.812114,-2.7586167
2021-04-07 17:25:05,-0.8808863,-9.163449,-2.8927634
2021-04-07 17:25:06,-0.0057380996,-10.038598,-0.8166821
2021-04-07 17:25:06,-1.5069047,-8.895157,-1.7493219
2021-04-07 17:25:06,-2.1073713,-8.090276,-3.5060062
2021-04-07 17:25:06,-1.6410514,-9.514788,-3.3526955
2021-04-07 17:25:06,0.26894334,-9.431745,-1.6151749
2021-04-07 17:25:07,0.17312427,-9.259269,-1.6279508
2021-04-07 17:25:07,-0.75951535,-8.818501,-2.2986848
2021-04-07 17:25:07,-1.3855338,-9.393416,-2.9758065
2021-04-07 17:25:07,-0.044065792,-10.332443,-0.39507794
2021-04-07 17:25:07,-1.6729912,-8.8185005,-1.851529
2021-04-07 17:25:08,-1.5324565,-7.79643,-3.9787138
2021-04-07 17:25:08,-1.6921552,-9.514787,-3.0013587
2021-04-07 17:25:08,0.60111636,-9.700038,-2.145374
2021-04-07 17:25:08,-0.7211878,-9.054855,-1.7365459
2021-04-07 17:25:08,-0.3187474,-8.780174,-3.2441003
2021-04-07 17:25:09,-0.33152318,-9.891675,-0.7336388
2021-04-07 17:25:09,-2.3245614,-9.438132,-1.3149415
2021-04-07 17:25:09,-1.58356,-8.020009,-3.7040322
2021-04-07 17:25:09,-2.024328,-9.648934,-3.4804542
2021-04-07 17:25:09,-0.13988495,-9.38064,-1.3596573
2021-04-07 17:25:10,0.019813618,-8.901545,-2.1389863
2021-04-07 17:25:10,-0.9639296,-9.227329,-2.2092535
2021-04-07 17:25:10,-0.48483387,-8.684354,-3.7615235
2021-04-07 17:25:10,0.44780576,-8.722682,-1.2830019
2021-04-07 17:25:10,-2.2095783,-10.556022,-2.2411935
2021-04-07 17:25:10,-1.6218877,-7.2279034,-4.2533956
2021-04-07 17:25:11,-1.2577748,-9.763917,-3.2377126
2021-04-07 17:25:11,0.74803907,-9.482848,-1.9920635
2021-04-07 17:25:11,-1.2833267,-9.061243,-1.8068132
2021-04-07 17:25:11,0.12840861,-9.19539,-3.3718593
2021-04-07 17:25:11,-1.1555678,-8.57576,-1.4235367
2021-04-07 17:25:12,-1.2258351,-10.562409,-1.2830019
2021-04-07 17:25:12,-0.81061906,-7.649508,-3.4293509
2021-04-07 17:25:12,-2.6056309,-9.629769,-3.9787133
2021-04-07 17:25:12,0.12840867,-9.463683,-1.1680189
2021-04-07 17:25:12,-0.3826268,-9.029304,-1.72377
2021-04-07 17:25:13,-0.95115376,-8.780173,-2.8416603
2021-04-07 17:25:13,-0.580653,-9.38064,-2.3114607
2021-04-07 17:25:13,-1.1875075,-10.000271,-0.3375864
2021-04-07 17:25:13,-0.39540264,-8.5629835,-2.413668
2021-04-07 17:25:13,-2.70145,-8.403285,-3.7934635
2021-04-07 17:25:14,-1.0661367,-9.840572,-2.170926
2021-04-07 17:25:14,1.0227206,-9.578667,-1.5640715
2021-04-07 17:25:14,-1.4110856,-8.620475,-2.1964777
2021-04-07 17:25:14,-0.23570406,-9.105958,-2.854436
2021-04-07 17:25:14,-0.2804197,-9.246493,-2.1453743
2021-04-07 17:25:15,-1.2130594,-9.853348,-0.77835447
2021-04-07 17:25:15,-0.56148916,-8.147767,-2.943867
2021-04-07 17:25:15,-2.2287424,-9.62977,-3.9212224
2021-04-07 17:25:15,-0.33791116,-9.310372,-1.5449076
2021-04-07 17:25:15,0.2561675,-9.067631,-1.9665117
2021-04-07 17:25:16,-0.702024,-8.869605,-2.4775474
2021-04-07 17:25:16,-0.7211878,-9.093183,-2.835272
2021-04-07 17:25:16,-0.6125928,-10.383548,-0.09484459
2021-04-07 17:25:16,-0.40817854,-8.63325,-2.1134346
2021-04-07 17:25:16,-2.2670698,-8.224422,-3.7359722
2021-04-07 17:25:16,-0.90005034,-9.572279,-3.589049
2021-04-07 17:25:17,0.47335753,-9.514787,-1.378821
2021-04-07 17:25:17,-1.0853004,-9.080407,-1.6918303
2021-04-07 17:25:17,0.0070377192,-9.131511,-2.733065
2021-04-07 17:25:17,-1.2833266,-8.939872,-2.8991516
2021-04-07 17:25:17,-0.60620487,-10.147194,-0.3950779
2021-04-07 17:25:18,-0.5167736,-8.454389,-2.4519956
2021-04-07 17:25:18,-2.7589417,-8.454388,-4.3875422
2021-04-07 17:25:18,-0.48483387,-10.191909,-1.5449077
2021-04-07 17:25:18,0.49890924,-8.907933,-2.0431669
2021-04-07 17:25:18,-1.3216543,-8.939872,-1.8451409
2021-04-07 17:25:19,-0.018514117,-8.8823805,-3.0077465
2021-04-07 17:25:19,0.8949618,-10.357995,-0.6953111
2021-04-07 17:25:19,-1.8774055,-9.016526,-1.5576835
2021-04-07 17:25:19,-0.93837786,-8.39051,-3.2696521
2021-04-07 17:25:19,-1.9285089,-9.642546,-3.5443335
2021-04-07 17:25:20,0.21783979,-9.310373,-0.944441
2021-04-07 17:25:20,-0.46567002,-9.144286,-1.6343387
2021-04-07 17:25:20,-0.6317566,-8.812114,-3.1993847
2021-04-07 17:25:20,-0.5359375,-8.984588,-2.3370125
2021-04-07 17:25:20,-1.2769388,-10.5815735,-0.6250438
2021-04-07 17:25:21,-0.73396367,-8.058335,-2.4647713
2021-04-07 17:25:21,-3.148606,-8.735458,-3.9020586
2021-04-07 17:25:21,-1.1555679,-9.8789015,-2.0751069
2021-04-07 17:25:21,1.1696434,-9.278433,-2.0942707
2021-04-07 17:25:21,-1.2322232,-8.76101,-2.068719
2021-04-07 17:25:22,-0.13349698,-8.633251,-3.384635
2021-04-07 17:25:22,0.4094781,-10.083314,-1.059424
2021-04-07 17:25:22,-2.0945952,-9.425356,-1.4235368
2021-04-07 17:25:22,-0.8553346,-8.218034,-3.4101868
2021-04-07 17:25:22,-2.5417516,-9.348701,-3.4996183
2021-04-07 17:25:22,-0.61898065,-9.521175,-1.0274842
2021-04-07 17:25:23,0.35837463,-9.220942,-2.2348053
2021-04-07 17:25:23,-1.9540607,-8.505492,-2.362564
2021-04-07 17:25:23,-0.114333235,-9.080407,-3.3079798
2021-04-07 17:25:23,-0.3315232,-10.441039,-0.45895734
2021-04-07 17:25:23,-1.2769386,-8.786561,-1.8898565
2021-04-07 17:25:24,-1.7240949,-7.668672,-4.2086797
2021-04-07 17:25:24,-1.813526,-10.230237,-2.5669785
2021-04-07 17:25:24,1.0993761,-9.131511,-1.7876495
2021-04-07 17:25:24,-1.1108522,-9.297597,-1.7173821
2021-04-07 17:25:24,-0.23570414,-9.010139,-2.848048
2021-04-07 17:25:25,-0.98309344,-8.9462595,-2.1581502
2021-04-07 17:25:25,-0.5934289,-10.140805,-0.7847424
2021-04-07 17:25:25,-0.6381445,-8.205258,-2.598918
2021-04-07 17:25:25,-2.95058,-8.875993,-4.291723
2021-04-07 17:25:25,-0.7275757,-9.930004,-1.7301579
2021-04-07 17:25:26,0.6841597,-8.9462595,-2.043167
2021-04-07 17:25:26,-1.3855338,-8.69713,-2.2539692
2021-04-07 17:25:26,-0.17182457,-8.850441,-3.27604
2021-04-07 17:25:26,-0.088781275,-10.5815735,-0.73363894
2021-04-07 17:25:26,-1.3344302,-8.79295,-1.8962445
2021-04-07 17:25:27,-2.0754316,-7.7644906,-3.9467742
2021-04-07 17:25:27,-1.5963358,-9.917228,-2.7522287
2021-04-07 17:25:27,0.6011164,-9.208167,-1.7557096
2021-04-07 17:25:27,-0.9064382,-9.252881,-1.7684855
2021-04-07 17:25:27,-0.3826268,-8.984588,-2.9694188
2021-04-07 17:25:28,-1.027809,-8.754622,-2.579754
2021-04-07 17:25:28,-0.75312734,-10.3260565,-0.68253535
2021-04-07 17:25:28,-0.31235936,-8.345794,-2.3561764
2021-04-07 17:25:28,-2.580079,-8.6907425,-4.221455
2021-04-07 17:25:28,-0.93198985,-10.083314,-2.0112274
2021-04-07 17:25:28,0.6202802,-9.003752,-2.0431674
2021-04-07 17:25:29,-1.3472061,-8.575759,-2.2156417
2021-04-07 17:25:29,-0.51038563,-9.016528,-3.2441003
2021-04-07 17:25:29,-0.24847996,-10.702945,-0.3375864
2021-04-07 17:25:29,-1.2322232,-8.614087,-1.6598905
2021-04-07 17:25:29,-1.4174737,-7.9178014,-3.8573427
2021-04-07 17:25:30,-1.8582414,-9.866123,-3.6976442
2021-04-07 17:25:30,0.29449514,-9.201778,-1.5321317
2021-04-07 17:25:30,-0.37623882,-9.418968,-1.5512956
2021-04-07 17:25:30,-1.1044644,-8.709907,-2.7202892
2021-04-07 17:25:30,-1.1044643,-9.265656,-3.173833
2021-04-07 17:25:31,0.49890924,-9.936391,-0.6505956
2021-04-07 17:25:31,-0.49122182,-8.671578,-2.285909
2021-04-07 17:25:31,-2.4523203,-7.5856285,-4.521689
2021-04-07 17:25:31,-1.3088785,-10.53047,-2.4072797
2021-04-07 17:25:31,1.0929879,-9.220941,-2.4647715
2021-04-07 17:25:32,-1.6985431,-8.467164,-2.3497884
2021-04-07 17:25:32,0.30088308,-8.831277,-3.2121608
2021-04-07 17:25:32,0.31365898,-9.489235,-1.7684855
2021-04-07 17:25:32,-1.679379,-9.955554,-1.1360793
2021-04-07 17:25:32,-0.97670555,-7.9178014,-3.5634975
2021-04-07 17:25:33,-2.2095785,-9.514787,-3.5698853
2021-04-07 17:25:33,-0.024901947,-9.648933,-1.4171487
2021-04-07 17:25:33,-0.095169306,-8.971811,-1.7109941
2021-04-07 17:25:33,-1.034197,-8.959036,-2.8863754
2021-04-07 17:25:33,-1.0086452,-8.773786,-3.167445
2021-04-07 17:25:33,-0.7722912,-10.562409,-0.31203467
2021-04-07 17:25:34,-0.1462729,-8.122216,-2.483935
2021-04-07 17:25:34,-2.6439586,-8.716294,-4.2342315
2021-04-07 17:25:34,-1.0597486,-9.700038,-2.5542023
2021-04-07 17:25:34,0.8438582,-9.074019,-1.5576836
2021-04-07 17:25:34,-1.1491799,-8.9462595,-2.4392195
2021-04-07 17:25:35,-0.5359374,-8.786561,-3.633765
2021-04-07 17:25:35,0.307271,-9.815021,-0.9699927
2021-04-07 17:25:35,-2.1648629,-9.329536,-1.7365459
2021-04-07 17:25:35,-1.5196806,-7.9497414,-3.7551358
2021-04-07 17:25:35,-1.9285088,-9.744753,-3.2440999
2021-04-07 17:25:36,0.3328227,-9.16345,-1.6151749
2021-04-07 17:25:36,-0.90005016,-9.240106,-1.4682523
2021-04-07 17:25:36,-0.51038575,-8.805725,-3.365471
2021-04-07 17:25:36,-0.36346307,-9.022916,-1.9537358
2021-04-07 17:25:36,-1.7368706,-10.2621765,-1.1233034
2021-04-07 17:25:37,-1.1236281,-8.103051,-2.7202892
2021-04-07 17:25:37,-2.7908812,-8.927096,-4.0617576
2021-04-07 17:25:37,-0.5039977,-10.102478,-1.4043728
2021-04-07 17:25:37,0.74165124,-8.837666,-2.3370125
2021-04-07 17:25:37,-1.6091118,-8.805725,-2.19009
2021-04-07 17:25:38,0.14757252,-8.735457,-3.3207557
2021-04-07 17:25:38,0.49890926,-9.961942,-1.3468813
2021-04-07 17:25:38,-1.8965693,-9.489236,-1.621563
2021-04-07 17:25:38,-1.8454658,-7.5153604,-4.247007
2021-04-07 17:25:38,-1.7496465,-9.725589,-3.186609
2021-04-07 17:25:39,0.37115046,-9.182614,-2.3561764
2021-04-07 17:25:39,-0.6573084,-9.303985,-1.5832351
2021-04-07 17:25:39,-0.41456652,-8.984588,-3.3015919
2021-04-07 17:25:39,-0.4720579,-8.665191,-2.2667449
2021-04-07 17:25:39,-1.1108524,-10.300505,-1.161631
2021-04-07 17:25:39,-0.99586934,-8.211646,-2.854436
2021-04-07 17:25:40,-2.7908812,-9.09957,-3.7998517
2021-04-07 17:25:40,-0.21015234,-10.025823,-1.4107609
2021-04-07 17:25:40,0.051753283,-8.677966,-2.5478146
2021-04-07 17:25:40,-0.95754164,-9.105959,-2.2667453
2021-04-07 17:25:40,-0.6189807,-8.716294,-3.0205224
2021-04-07 17:25:41,-0.2548679,-10.338832,-0.6250439
2021-04-07 17:25:41,-1.5580082,-8.895157,-1.6407267
2021-04-07 17:25:41,-2.4778721,-7.4323177,-3.8956702
2021-04-07 17:25:41,-1.4174737,-10.843478,-1.2766141
2021-04-07 17:25:41,1.0482727,-9.246493,-2.4328318
2021-04-07 17:25:42,-1.5005169,-8.786561,-2.273133
2021-04-07 17:25:42,0.06452922,-8.901545,-3.1227295
2021-04-07 17:25:42,0.05814131,-10.166356,-0.82307005
2021-04-07 17:25:42,-1.6474395,-9.125123,-1.493804
2021-04-07 17:25:42,-2.23513,-7.924189,-3.167445
2021-04-07 17:25:43,-1.2769388,-10.255788,-1.0530361
2021-04-07 17:25:43,0.74165124,-9.719201,-2.2092535
2021-04-07 17:25:43,-1.0789126,-8.41606,-2.5414267
2021-04-07 17:25:43,0.50529724,-9.744754,-1.7684857
2021-04-07 17:25:43,-1.4110855,-9.84696,-0.8933374
2021-04-07 17:25:44,-1.3855338,-8.588534,-2.273133
2021-04-07 17:25:44,-3.1933215,-8.377734,-3.8445673
2021-04-07 17:25:44,-0.91282606,-9.955555,-1.7429339
2021-04-07 17:25:44,0.4094782,-9.118734,-1.8706926
2021-04-07 17:25:44,-1.4046978,-8.658803,-2.362564
2021-04-07 17:25:45,-0.12072118,-9.118735,-2.9566429
2021-04-07 17:25:45,-0.84894663,-10.294116,-0.60587996
2021-04-07 17:25:45,-0.9894814,-8.914321,-1.7684855
2021-04-07 17:25:45,-2.1776388,-7.9305778,-3.9914894
2021-04-07 17:25:45,-1.4813529,-9.470073,-2.7266772
2021-04-07 17:25:45,0.7863667,-9.936392,-1.7940373
2021-04-07 17:25:46,-1.4494133,-8.735457,-1.7748734
2021-04-07 17:25:46,0.12840869,-9.093183,-2.9310913
2021-04-07 17:25:46,-1.136404,-9.418968,-2.234805
2021-04-07 17:25:46,-0.6828602,-9.559503,-0.70808715
2021-04-07 17:25:46,-1.3344303,-8.607699,-2.8608236
2021-04-07 17:25:47,-2.592855,-8.243587,-4.528077
2021-04-07 17:25:47,-0.91282606,-10.204685,-1.1233034
2021-04-07 17:25:47,0.44780576,-8.952649,-1.9665117
2021-04-07 17:25:47,-1.2897147,-8.569371,-2.4711592
2021-04-07 17:25:47,6.4978004E-4,-9.342313,-2.2986848
2021-04-07 17:25:48,-1.8582416,-10.4091,-0.54838854
2021-04-07 17:25:48,-0.7020239,-8.288301,-2.2411933
2021-04-07 17:25:48,-2.5673034,-8.626864,-3.5826614
2021-04-07 17:25:48,-0.7531274,-9.502011,-2.6500216
2021-04-07 17:25:48,0.74803907,-9.738365,-1.47464
2021-04-07 17:25:49,-1.2322232,-8.984588,-1.6151749
2021-04-07 17:25:49,-0.65092045,-8.601312,-3.1099536
2021-04-07 17:25:49,-0.47205794,-9.521175,-1.6662785
2021-04-07 17:25:49,-1.8901811,-10.134418,-0.95082897
2021-04-07 17:25:49,-0.6253686,-7.873085,-3.199385
2021-04-07 17:25:50,-3.1805458,-9.105959,-3.812627
2021-04-07 17:25:50,-0.22931616,-9.827796,-1.3404936
2021-04-07 17:25:50,0.13479659,-8.94626,-2.2475812
2021-04-07 17:25:50,-1.0086452,-9.029304,-2.2603571
2021-04-07 17:25:50,-0.5934289,-8.792949,-3.27604
2021-04-07 17:25:51,-0.69563586,-10.549634,-0.26731905
2021-04-07 17:25:51,-0.9894813,-8.54382,-2.0303915
2021-04-07 17:25:51,-2.2990096,-8.090276,-4.163964
2021-04-07 17:25:51,-1.4238615,-9.744752,-2.9885826
2021-04-07 17:25:51,0.16673625,-9.189002,-1.3341055
2021-04-07 17:25:51,-0.89366215,-9.201778,-1.6407267
2021-04-07 17:25:52,-0.49122182,-8.735457,-3.2057726
2021-04-07 17:25:52,-0.21015243,-9.508399,-1.7237698
2021-04-07 17:25:52,-1.9540607,-9.84696,-0.96360475
2021-04-07 17:25:52,-1.5005168,-7.8539214,-3.3271434
2021-04-07 17:25:52,-2.7206137,-9.610606,-3.6657047
2021-04-07 17:25:53,0.3200469,-9.687262,-0.944441
2021-04-07 17:25:53,-0.34429917,-8.863217,-2.2220297
2021-04-07 17:25:53,-1.2641629,-8.907932,-2.6564095
2021-04-07 17:25:53,-1.3344302,-8.844052,-3.2568762
2021-04-07 17:25:53,-0.580653,-10.46659,-0.74641484
2021-04-07 17:25:54,-1.1811196,-8.428837,-2.2092535
2021-04-07 17:25:54,-1.9285091,-8.256363,-3.723196
2021-04-07 17:25:54,-1.1427919,-9.553115,-3.9148347
2021-04-07 17:25:54,-0.29319558,-9.335925,-1.0785877
2021-04-07 17:25:54,-0.12072113,-9.003752,-1.6151749
2021-04-07 17:25:55,-1.3663698,-8.837665,-2.9885826
2021-04-07 17:25:55,-1.3344302,-8.990975,-2.8224962
2021-04-07 17:25:55,-1.0725247,-10.172746,-0.53561264
2021-04-07 17:25:55,-0.4145665,-8.384121,-2.388116
2021-04-07 17:25:55,-2.7908812,-8.5629835,-4.323663
2021-04-07 17:25:56,-0.804231,-9.265656,-2.317849
2021-04-07 17:25:56,0.3967023,-9.616994,-1.6151751
2021-04-07 17:25:56,-1.711319,-8.735458,-2.4456074
2021-04-07 17:25:56,-0.6253686,-8.658803,-3.3335316
2021-04-07 17:25:56,0.16673625,-10.198297,-1.3277174
2021-04-07 17:25:57,-1.8965693,-8.997363,-1.6790544
2021-04-07 17:25:57,-1.8390776,-7.9689045,-3.8317912
2021-04-07 17:25:57,-1.7113189,-9.502011,-3.0524619
2021-04-07 17:25:57,-0.03767787,-9.399804,-1.9026322
2021-04-07 17:25:57,-1.155568,-9.016528,-1.8962444
2021-04-07 17:25:57,-0.55510134,-8.850441,-3.263264
2021-04-07 17:25:58,-0.8489466,-8.850441,-2.19009
2021-04-07 17:25:58,-1.5005168,-10.172746,-1.1296912
2021-04-07 17:25:58,-0.21015233,-8.454389,-2.6947372
2021-04-07 17:25:58,-2.6247947,-8.518268,-4.1256366
2021-04-07 17:25:58,-0.34429917,-10.185521,-1.4746403
2021-04-07 17:25:59,0.50529724,-9.067631,-1.8706927
2021-04-07 17:25:59,-1.8518537,-8.5629835,-2.637246
2021-04-07 17:25:59,-0.5678771,-8.990975,-3.2185485
2021-04-07 17:25:59,0.65860784,-9.827796,-0.8039062
2021-04-07 17:25:59,-2.0498798,-9.540339,-1.6279508
2021-04-07 17:26:00,-1.5643963,-7.7708783,-3.6209888
2021-04-07 17:26:00,-1.7943621,-9.6680975,-3.263264
2021-04-07 17:26:00,0.41586602,-9.169838,-1.9409599
2021-04-07 17:26:00,-0.77229136,-9.387028,-1.4746403
2021-04-07 17:26:00,-0.4656701,-8.837665,-3.2057724
2021-04-07 17:26:01,-0.6636963,-9.048467,-1.7557096
2021-04-07 17:26:01,-1.6410514,-10.211072,-1.0402602
2021-04-07 17:26:01,-0.5551013,-8.249974,-2.8991516
2021-04-07 17:26:01,-2.7653294,-8.486328,-3.9403858
2021-04-07 17:26:01,-0.7914552,-10.153582,-2.0942707
2021-04-07 17:26:02,0.875798,-8.990975,-1.717382
2021-04-07 17:26:02,-1.602724,-8.79295,-2.279521
2021-04-07 17:26:02,-0.57426506,-8.85683,-3.173833
2021-04-07 17:26:02,0.038977426,-9.974719,-1.1041396
2021-04-07 17:26:02,-1.9796127,-9.163451,-1.6471146
2021-04-07 17:26:02,-1.2961026,-8.020008,-3.7551358
2021-04-07 17:26:03,-1.8901812,-9.770305,-3.652929
2021-04-07 17:26:03,-0.23570408,-9.035691,-1.6854423
2021-04-07 17:26:03,-0.35707498,-9.2209425,-1.5385195
2021-04-07 17:26:03,-0.8936622,-8.767398,-3.0141344
2021-04-07 17:26:03,-0.35068703,-8.971812,-2.0495548
2021-04-07 17:26:04,-1.5196805,-10.300504,-1.1935707
2021-04-07 17:26:04,-0.33152324,-8.275526,-2.4583833
2021-04-07 17:26:04,-3.0783386,-8.646026,-4.183128
2021-04-07 17:26:04,-0.580653,-9.866124,-2.2667449
2021-04-07 17:26:04,0.9396774,-9.054855,-1.6535025
2021-04-07 17:26:05,-1.6729913,-9.042079,-2.1006587
2021-04-07 17:26:05,-0.044065833,-8.888768,-3.199385
2021-04-07 17:26:05,-0.21654017,-9.642546,-1.2446742
2021-04-07 17:26:05,-1.915733,-9.610606,-1.4235368
2021-04-07 17:26:05,-0.86172247,-7.943353,-3.27604
2021-04-07 17:26:06,-2.152087,-9.616995,-3.8892822
2021-04-07 17:26:06,-0.044065792,-9.629769,-1.0594239
2021-04-07 17:26:06,0.21783979,-8.863217,-2.0176153
2021-04-07 17:26:06,-1.4238615,-8.895157,-2.707513
2021-04-07 17:26:06,-0.88727427,-8.933484,-3.0332978
2021-04-07 17:26:07,-1.0150331,-10.274953,-0.38230205
2021-04-07 17:26:07,-0.32513526,-8.543819,-2.19009
2021-04-07 17:26:07,-2.6184065,-8.320241,-4.2533956
2021-04-07 17:26:07,-0.84894663,-9.585055,-2.2475812
2021-04-07 17:26:07,0.9524534,-9.470071,-1.72377
2021-04-07 17:26:08,-1.7496465,-9.054854,-2.0112274
2021-04-07 17:26:08,-0.12710907,-8.735457,-3.0077465
2021-04-07 17:26:08,-0.38262686,-9.604218,-1.5257438
2021-04-07 17:26:08,-1.7624224,-9.572278,-1.4682523
2021-04-07 17:26:08,-0.36985087,-8.601312,-3.1355054
2021-04-07 17:26:08,-1.8965693,-9.176227,-3.831791
2021-04-07 17:26:09,0.038977444,-9.712813,-0.91250134
2021-04-07 17:26:09,-0.08239346,-8.818501,-1.9792877
2021-04-07 17:26:09,-1.8646296,-8.812114,-3.0524619
2021-04-07 17:26:09,-0.580653,-8.933484,-3.0269105
2021-04-07 17:26:09,-1.1875076,-10.34522,-0.5292247
2021-04-07 17:26:10,-0.5998168,-8.333018,-2.1134346
2021-04-07 17:26:10,-2.4906478,-8.211646,-4.2150674
2021-04-07 17:26:10,-0.797843,-9.674485,-2.368952
2021-04-07 17:26:10,0.6713838,-9.776692,-1.6215628
2021-04-07 17:26:10,-1.4621891,-8.786561,-2.087883
2021-04-07 17:26:11,-0.3251353,-9.061243,-2.835272
2021-04-07 17:26:11,-1.2513871,-8.76101,-2.4392197
2021-04-07 17:26:11,-0.9000502,-10.166358,-0.9125013
2021-04-07 17:26:11,-0.31874737,-8.460776,-2.5350385
2021-04-07 17:26:11,-2.8930883,-8.460776,-4.055369
2021-04-07 17:26:12,-0.5423254,-10.268565,-1.7620977
2021-04-07 17:26:12,0.543625,-9.080407,-2.0814948
2021-04-07 17:26:12,-1.7943621,-8.556596,-2.5350387
2021-04-07 17:26:12,-0.6189807,-8.920709,-3.263264
2021-04-07 17:26:12,-0.40817854,-10.613513,-0.7847424
2021-04-07 17:26:13,-1.3727579,-8.550208,-1.8451408
2021-04-07 17:26:13,-1.340818,-8.179707,-3.7870758
2021-04-07 17:26:13,-1.6729913,-9.540339,-3.6082132
2021-04-07 17:26:13,-0.31235945,-9.4125805,-1.2766141
2021-04-07 17:26:13,0.109244786,-8.9462595,-1.9601239
2021-04-07 17:26:14,-1.4238616,-8.933484,-2.8224962
2021-04-07 17:26:14,-1.0661367,-8.907932,-3.02691
2021-04-07 17:26:14,-0.92560196,-10.3899355,-0.3886899
2021-04-07 17:26:14,-0.5295494,-8.320242,-2.1645381
2021-04-07 17:26:14,-2.5609152,-8.281914,-4.157576
2021-04-07 17:26:14,-0.74673945,-9.961942,-2.3242366
2021-04-07 17:26:15,0.9141256,-9.361476,-1.730158
2021-04-07 17:26:15,-1.1683437,-9.105958,-1.7684857
2021-04-07 17:26:15,-0.37623885,-8.901544,-2.848048
2021-04-07 17:26:15,-1.1811198,-8.85683,-2.2028656
2021-04-07 17:26:15,-1.1938956,-10.249401,-0.95082885
2021-04-07 17:26:16,-0.45289418,-8.224422,-2.8033323
2021-04-07 17:26:16,-2.7142258,-8.901544,-4.438646
2021-04-07 17:26:16,-0.5614891,-10.089702,-1.4427004
2021-04-07 17:26:16,0.7224873,-8.952648,-2.3306246
2021-04-07 17:26:16,-1.5771719,-8.626863,-2.3945038
2021-04-07 17:26:17,-0.43373033,-9.029304,-3.1291173
2021-04-07 17:26:17,0.16673617,-9.763916,-0.9572169
2021-04-07 17:26:17,-2.3117855,-9.25927,-1.7557096
2021-04-07 17:26:17,-1.3280424,-8.1158285,-3.5698855
2021-04-07 17:26:17,-1.8518535,-9.572278,-3.7487478
2021-04-07 17:26:18,-0.1462729,-9.252881,-1.1488551
2021-04-07 17:26:18,-0.0823934,-9.125123,-1.6982182
2021-04-07 17:26:18,-0.7786793,-8.907932,-2.8288841
2021-04-07 17:26:18,-0.93198985,-8.818501,-2.4392195
2021-04-07 17:26:18,-1.340818,-10.332443,-0.7272509
2021-04-07 17:26:19,-0.67008424,-8.313854,-2.4711592
2021-04-07 17:26:19,-2.8419847,-8.51188,-4.183128
2021-04-07 17:26:19,-0.47205797,-10.504918,-1.6343389
2021-04-07 17:26:19,0.40309024,-8.722683,-2.1325984
2021-04-07 17:26:19,-1.5260687,-8.895157,-2.2411933
2021-04-07 17:26:20,-0.33152327,-8.818501,-2.848048
2021-04-07 17:26:20,-0.06961759,-10.159969,-0.6569836
2021-04-07 17:26:20,-1.5516204,-9.189002,-1.5449076
2021-04-07 17:26:20,-1.4110856,-8.058335,-3.6657047
2021-04-07 17:26:20,-1.6154999,-9.827797,-3.4357388
2021-04-07 17:26:20,-0.139885,-8.990975,-1.500192
2021-04-07 17:26:21,-0.5423253,-9.291209,-1.493804
2021-04-07 17:26:21,-0.8170069,-8.901545,-2.9566429
2021-04-07 17:26:21,-0.7275757,-8.959036,-2.285909
2021-04-07 17:26:21,-0.9639296,-10.185521,-0.54838854
2021-04-07 17:26:21,-0.5167736,-8.39051,-2.611694
2021-04-07 17:26:22,-2.9122522,-8.441612,-4.202292
2021-04-07 17:26:22,-0.48483387,-10.811539,-1.4618645
2021-04-07 17:26:22,0.5500129,-8.620475,-2.630858
2021-04-07 17:26:22,-1.372758,-8.818501,-2.1709259
2021-04-07 17:26:22,-0.6445325,-8.818501,-3.1163414
2021-04-07 17:26:23,0.24977963,-9.872513,-1.0147084
2021-04-07 17:26:23,-1.8135262,-9.278433,-1.8706927
2021-04-07 17:26:23,-1.5580083,-7.9497414,-3.9851017
2021-04-07 17:26:23,-1.8965693,-9.502011,-3.633765
2021-04-07 17:26:23,0.09008098,-9.380639,-1.7620977
2021-04-07 17:26:24,-0.42095447,-9.19539,-1.5257438
2021-04-07 17:26:24,-1.0789126,-8.754622,-2.9183152
2021-04-07 17:26:24,-1.3919216,-8.907932,-2.7650044
2021-04-07 17:26:24,-1.0405848,-10.421875,-0.45895734
2021-04-07 17:26:24,-0.08239346,-8.422449,-2.3881161
2021-04-07 17:26:25,-2.3373373,-8.543819,-4.163964
2021-04-07 17:26:25,-1.0916885,-9.169838,-3.506006
2021-04-07 17:26:25,-0.037677873,-9.489235,-1.5385197
2021-04-07 17:26:25,-0.6828601,-9.074019,-1.8068132
2021-04-07 17:26:25,-0.26125586,-8.780173,-3.0332983
2021-04-07 17:26:25,-0.06961767,-9.252881,-2.285909
2021-04-07 17:26:26,-2.3501132,-10.051374,-1.3468813
2021-04-07 17:26:26,-0.7020239,-8.173319,-3.5251696
2021-04-07 17:26:26,-2.7653296,-8.888768,-3.6976445
2021-04-07 17:26:26,-0.88727427,-9.706426,-1.8004252
2021-04-07 17:26:26,0.8119185,-8.901545,-2.490323
2021-04-07 17:26:27,-1.7815863,-8.837665,-2.2411933
2021-04-07 17:26:27,0.019813577,-8.812114,-3.5698855
2021-04-07 17:26:27,0.44780573,-10.102477,-0.9572168
2021-04-07 17:26:27,-2.0051641,-9.259269,-1.4746403
2021-04-07 17:26:27,-0.9894813,-7.9752927,-3.633765
2021-04-07 17:26:28,-2.0882075,-9.540339,-3.7104204
2021-04-07 17:26:28,-0.19737644,-9.623382,-1.3213296
2021-04-07 17:26:28,-0.018514046,-8.79295,-2.017615
2021-04-07 17:26:28,-1.2130594,-8.85044,-2.924703
2021-04-07 17:26:28,-0.7786793,-8.690742,-2.9374793
2021-04-07 17:26:29,-1.698543,-10.613513,-0.54838854
2021-04-07 17:26:29,-0.114333175,-8.141379,-2.4328318
2021-04-07 17:26:29,-2.822821,-8.620475,-4.2214556
2021-04-07 17:26:29,-0.8617225,-9.265657,-2.9949703
2021-04-07 17:26:29,0.44780576,-9.470072,-2.0176153
2021-04-07 17:26:30,-1.0150331,-8.965425,-1.953736
2021-04-07 17:26:30,-0.69563603,-9.182613,-3.0396862
2021-04-07 17:26:30,-1.4238616,-8.997364,-2.7586167
2021-04-07 17:26:30,-0.695636,-9.885287,-0.3248105
2021-04-07 17:26:30,-0.46567008,-8.569372,-2.2284174
2021-04-07 17:26:31,-2.4523203,-8.320241,-3.978714
2021-04-07 17:26:31,-1.257775,-9.521174,-2.6436336
2021-04-07 17:26:31,0.65860796,-9.706426,-2.1709259
2021-04-07 17:26:31,-1.3088785,-8.499104,-2.6564097
2021-04-07 17:26:31,-0.037677884,-9.067631,-3.4612906
2021-04-07 17:26:31,-0.42734239,-8.601312,-2.2156417
2021-04-07 17:26:32,-1.2002834,-10.198297,-1.7301579
2021-04-07 17:26:32,-1.5835601,-7.713387,-3.5443337
2021-04-07 17:26:32,-2.599243,-9.757528,-3.7870758
2021-04-07 17:26:32,0.62666816,-9.182614,-1.8451409
2021-04-07 17:26:32,-0.5103857,-9.32315,-1.378821
2021-04-07 17:26:33,-0.61259276,-8.792949,-2.7969444
2021-04-07 17:26:33,-0.38262677,-9.189002,-1.5257438
2021-04-07 17:26:33,-1.8837934,-10.319668,-0.9699927
2021-04-07 17:26:33,-0.7084119,-8.256362,-2.6947372
2021-04-07 17:26:33,-2.8292086,-8.594923,-3.282428
2021-04-07 17:26:34,-1.3855337,-9.514787,-1.9409603
2021-04-07 17:26:34,1.2143589,-9.680873,-1.8770806
2021-04-07 17:26:34,-1.0789126,-9.272044,-1.8387529
2021-04-07 17:26:34,0.21783988,-8.933484,-2.6180818
2021-04-07 17:26:34,-2.1073716,-9.227329,-2.9502552
2021-04-07 17:26:35,-0.06961759,-9.993882,-0.5356126
2021-04-07 17:26:35,-1.807138,-8.441612,-2.394504
2021-04-07 17:26:35,-2.3884408,-7.7261634,-4.4641976
2021-04-07 17:26:35,-0.6317566,-10.536859,-2.3497884
2021-04-07 17:26:35,0.27533135,-8.91432,-1.9665117
2021-04-07 17:26:36,-1.1427919,-8.933484,-2.055943
2021-04-07 17:26:36,0.12840864,-8.895157,-3.1035655
2021-04-07 17:26:36,-0.44650617,-9.719201,-1.2766141
2021-04-07 17:26:36,-1.934897,-9.636159,-1.0083203
2021-04-07 17:26:36,-1.1811196,-8.10944,-3.2057726
2021-04-07 17:26:37,-2.586467,-9.508399,-3.9467742
2021-04-07 17:26:37,-0.076005496,-9.795856,-1.0721998
2021-04-07 17:26:37,0.14757244,-8.780173,-2.1453743
2021-04-07 17:26:37,-1.5771722,-9.029304,-2.1262105
2021-04-07 17:26:37,-0.5103856,-8.907932,-3.1929967
2021-04-07 17:26:37,0.122020684,-10.0705385,-0.6633715
2021-04-07 17:26:38,-2.0498798,-9.252881,-1.4682522
2021-04-07 17:26:38,-1.2258352,-8.103051,-3.4101868
2021-04-07 17:26:38,-1.9987763,-9.303985,-3.850955
2021-04-07 17:26:38,-0.037677884,-9.776692,-1.2957778
2021-04-07 17:26:38,-0.07600551,-8.907931,-1.8643045
2021-04-07 17:26:39,-1.4430255,-9.157063,-2.3561764
2021-04-07 17:26:39,-0.59981686,-8.927096,-2.8224962
2021-04-07 17:26:39,0.537237,-9.361476,-0.8486219
2021-04-07 17:26:39,-2.241518,-9.802245,-1.2638382
2021-04-07 17:26:39,-0.9767055,-8.192483,-3.2568762
2021-04-07 17:26:40,-2.605631,-9.010139,-3.8765066
2021-04-07 17:26:40,-0.6062048,-9.898064,-1.283002
2021-04-07 17:26:40,0.64583194,-9.169839,-2.3050725
2021-04-07 17:26:40,-1.3727579,-8.69713,-2.15815
2021-04-07 17:26:40,-0.5359374,-9.054855,-2.943867
2021-04-07 17:26:41,0.12840867,-9.949166,-0.54838854
2021-04-07 17:26:41,-2.1137593,-9.246493,-1.1296912
2021-04-07 17:26:41,-1.379146,-8.454389,-3.1929967
2021-04-07 17:26:41,-1.7624222,-9.310372,-3.2696521
2021-04-07 17:26:41,0.09008098,-9.655322,-1.7620977
2021-04-07 17:26:42,0.2242278,-9.074019,-1.5385195
2021-04-07 17:26:42,-0.82339495,-9.048468,-2.1198223
2021-04-07 17:26:42,-0.99586934,-8.844053,-3.0907898
2021-04-07 17:26:42,-0.19098842,-10.198297,-0.29925874
2021-04-07 17:26:42,-0.8681104,-9.19539,-2.177314
2021-04-07 17:26:43,-1.7560344,-7.821982,-4.048981
2021-04-07 17:26:43,-0.82339483,-9.751141,-2.2220297
2021-04-07 17:26:43,1.092988,-9.72559,-1.3596573
2021-04-07 17:26:43,-1.4685773,-8.971812,-1.8259772
2021-04-07 17:26:43,-0.076005556,-8.907932,-2.6819613
2021-04-07 17:26:43,-0.08239353,-9.96833,-1.0913637
2021-04-07 17:26:44,-1.7496465,-9.655322,-1.0913637
2021-04-07 17:26:44,-1.0022572,-8.428837,-2.5542028
2021-04-07 17:26:44,-2.024328,-10.102477,-3.71042
2021-04-07 17:26:44,-0.0632297,-12.632103,-1.0338721
2021-04-07 17:26:44,-6.067896,-5.0432277,-1.9984516
2021-04-07 17:26:45,-10.124239,-8.01362,-5.3521214
2021-04-07 17:26:45,-4.630609,-4.5002522,3.6484897
2021-04-07 17:26:45,0.3775384,-0.84634876,10.4772005
2021-04-07 17:26:45,2.683586,0.1693341,8.369179
2021-04-07 17:26:45,3.2585003,1.185017,9.033525
2021-04-07 17:26:46,2.6899738,1.7024403,9.301819
2021-04-07 17:26:46,-2.2095785,0.29070505,6.5039
2021-04-07 17:26:46,-6.8536124,-6.2569366,4.0253787
2021-04-07 17:26:46,-8.252572,-9.189002,-3.314368
2021-04-07 17:26:46,-6.291474,-11.105385,-2.3178484
2021-04-07 17:26:47,-2.6375706,-9.189002,0.90167445
2021-04-07 17:26:47,-1.0022572,-8.320242,-3.1291173
2021-04-07 17:26:47,-3.0975025,-7.7836547,-3.391023
2021-04-07 17:26:47,-1.0725247,-11.188428,-2.5989182
2021-04-07 17:26:47,1.0610483,-7.528137,-1.7940373
2021-04-07 17:26:48,-0.58704096,-9.4764595,-3.403799
2021-04-07 17:26:48,0.15396039,-8.601312,-2.7713926
2021-04-07 17:26:48,0.3583746,-8.984588,-1.2766138
2021-04-07 17:26:48,-0.8489466,-11.073445,-0.22899139
2021-04-07 17:26:48,-1.7049308,-8.17332,-2.2475812
2021-04-07 17:26:48,-3.116666,-7.6942234,-4.79637
2021-04-07 17:26:49,-1.6218877,-10.728496,-1.7046062
2021-04-07 17:26:49,-3.372184,-8.454389,0.10318168
2021-04-07 17:26:49,-7.0516396,-6.857403,4.7472157
2021-04-07 17:26:49,0.6713838,-5.164598,7.6728935
2021-04-07 17:26:49,4.338063,-2.4433346,9.42319
2021-04-07 17:26:50,2.7219133,-0.15645099,9.027138
2021-04-07 17:26:50,1.8914808,-2.5327656,5.801226
2021-04-07 17:26:50,-8.884978,-10.888194,3.820964
2021-04-07 17:26:50,-10.200894,-5.567039,0.78030366
2021-04-07 17:26:50,-6.5406036,-8.569371,-0.7400268
2021-04-07 17:26:51,-7.7223725,-6.5124536,-1.1488552
2021-04-07 17:26:51,-7.3838115,-2.7946713,-1.5512954
2021-04-07 17:26:51,-7.0005355,-5.266805,-5.1157675
2021-04-07 17:26:51,-5.416326,-4.3980446,-3.6146011
2021-04-07 17:26:51,-5.569636,-7.6814475,-4.0298176
2021-04-07 17:26:52,-5.5440845,-5.5095468,-3.8637307
2021-04-07 17:26:52,-5.8507056,-7.068205,-3.2568762
2021-04-07 17:26:52,-6.949432,-6.5763335,-0.7272509
2021-04-07 17:26:52,-7.4349155,-4.7493815,-3.7870758
2021-04-07 17:26:52,-7.0069237,-4.22557,-5.8759327
2021-04-07 17:26:53,-5.920973,-3.618716,-3.1802208
2021-04-07 17:26:53,-8.297288,-6.0014186,-5.3585095
2021-04-07 17:26:53,-4.585893,-2.0919976,-4.732491
2021-04-07 17:26:53,-7.524347,-5.068779,-2.5222628
2021-04-07 17:26:53,-8.418659,-5.0751667,-3.7934637
2021-04-07 17:26:54,-5.4099374,-2.2005928,-2.5158749
2021-04-07 17:26:54,-9.063841,-7.828369,-2.6436336
2021-04-07 17:26:54,-6.2978616,-9.380641,-4.0362053
2021-04-07 17:26:54,-3.4105117,-1.8811954,-2.8799877
2021-04-07 17:26:54,-6.278698,-6.448574,-4.221455
2021-04-07 17:26:54,-5.096928,-6.339979,-1.28939
2021-04-07 17:26:55,-7.4668555,-7.3428864,-1.9665117
2021-04-07 17:26:55,-6.02318,-5.797004,-2.8799877
2021-04-07 17:26:55,-4.950006,-7.6622834,-3.6784801
2021-04-07 17:26:55,-3.5957615,-9.137898,-1.9856757
2021-04-07 17:26:55,-4.0684695,-7.45787,-2.3306246
2021-04-07 17:26:56,-2.4203806,-8.824889,-2.8416598
2021-04-07 17:26:56,-2.01794,-7.866698,-0.8933374
2021-04-07 17:26:56,-2.5545273,-10.479366,-0.59310406
2021-04-07 17:26:56,-3.1038904,-8.0775,-2.0176153
2021-04-07 17:26:56,-2.23513,-8.51188,-2.2284174
2021-04-07 17:26:57,-0.31874734,-10.766824,-0.60588
2021-04-07 17:26:57,-0.3442991,-9.6042185,-0.6633715
2021-04-07 17:26:57,-0.7914552,-9.067631,-1.5640715
2021-04-07 17:26:57,-0.5167736,-9.342313,0.97832984
2021-04-07 17:26:57,0.50529736,-9.66171,1.0805368
2021-04-07 17:26:58,-1.2641629,-9.642547,-0.45895734
2021-04-07 17:26:58,-0.35068706,-10.013046,-0.91250134
2021-04-07 17:26:58,0.2881072,-8.722682,-1.4618644
2021-04-07 17:26:58,0.1667363,-9.930003,-1.1296912
2021-04-07 17:26:58,-0.77229136,-8.658802,2.626419
2021-04-07 17:26:59,0.49890926,-9.936391,2.4667203
2021-04-07 17:26:59,-1.3535942,-8.083888,0.30759585
2021-04-07 17:26:59,1.2526866,-10.9393,0.013750434
2021-04-07 17:26:59,0.85663414,-9.891675,-1.6662785
2021-04-07 17:26:59,-0.5231615,-7.949741,-2.59253
2021-04-07 17:27:00,-0.06322964,-11.0287285,-0.38868997
2021-04-07 17:27:00,-0.797843,-8.818501,-1.3979849
2021-04-07 17:27:00,-2.152087,-7.8283706,-3.148281
2021-04-07 17:27:00,1.7956618,-11.552541,-1.0658118
2021-04-07 17:27:00,-0.33152324,-8.914321,-1.8515288
2021-04-07 17:27:00,-0.6828601,-8.4352255,-2.8608236
2021-04-07 17:27:01,0.537237,-9.936391,-0.86778563
2021-04-07 17:27:01,-1.8518535,-9.751141,-1.4938041
2021-04-07 17:27:01,-1.8710176,-8.039172,-3.7934637
2021-04-07 17:27:01,-1.6346637,-9.738365,-2.5542023
2021-04-07 17:27:01,0.46696964,-9.546727,-1.6790544
2021-04-07 17:27:02,-0.22292821,-9.342312,-1.2830019
2021-04-07 17:27:02,-0.804231,-9.01014,-1.9728998
2021-04-07 17:27:02,-0.34429917,-8.965424,-2.3689523
2021-04-07 17:27:02,0.44780576,-10.300504,-0.4525694
2021-04-07 17:27:02,-1.2258352,-9.118733,-1.3277177
2021-04-07 17:27:03,-1.5452324,-8.243587,-3.173833
2021-04-07 17:27:03,-2.2798457,-9.591443,-3.0652378
2021-04-07 17:27:03,0.21783982,-9.981107,-0.9188892
2021-04-07 17:27:03,0.25616744,-8.684354,-1.8387529
2021-04-07 17:27:03,-0.95754164,-8.959036,-2.4328318
2021-04-07 17:27:04,-0.65730834,-9.252881,-2.477547
2021-04-07 17:27:04,-0.45289412,-10.153582,-0.08845669
2021-04-07 17:27:04,-0.29958352,-8.352181,-2.3370125
2021-04-07 17:27:04,-2.4523203,-9.470072,-3.8892825
2021-04-07 17:27:04,0.86941,-9.840573,-1.1105274
2021-04-07 17:27:05,-0.24847996,-8.850441,-1.7237698
2021-04-07 17:27:05,-0.39540267,-8.709907,-2.6308582
2021-04-07 17:27:05,-0.33152318,-9.208165,-1.6854423
2021-04-07 17:27:05,-1.0597486,-10.351607,-0.85500973
2021-04-07 17:27:05,-0.47844592,-8.058336,-2.5350387
2021-04-07 17:27:06,-2.4714842,-9.674485,-3.6784804
2021-04-07 17:27:06,1.0993758,-9.961943,-0.65698355
2021-04-07 17:27:06,-0.702024,-8.684355,-1.8579168
2021-04-07 17:27:06,-0.9958692,-8.844054,-3.1866086
2021-04-07 17:27:06,0.21145177,-9.342313,-1.5385195
2021-04-07 17:27:06,-1.3663701,-10.000271,-0.9827687
2021-04-07 17:27:07,-1.0661367,-7.9816804,-3.0205224
2021-04-07 17:27:07,-2.145699,-10.31328,-3.512394
2021-04-07 17:27:07,0.8630221,-8.939873,-1.2063466
2021-04-07 17:27:07,-0.40179065,-9.189003,-1.493804
2021-04-07 17:27:07,-0.5551012,-8.767398,-2.8863754
2021-04-07 17:27:08,-0.26125583,-9.355088,-1.8132013
2021-04-07 17:27:08,-0.7094205,-7.9386477,-2.8685563
2021-04-07 17:27:08,-2.4415886,-9.961944,-3.6669822
2021-04-07 17:27:08,0.6828821,-9.17546,-1.2032804
2021-04-07 17:27:09,-0.1495946,-9.265912,-1.4240478
2021-04-07 17:27:09,-1.0464618,-8.648071,-3.1794543
2021-04-07 17:27:09,0.5295714,-10.221038,-1.1404229
2021-04-07 17:27:09,-1.9050014,-8.891833,-1.2339426
2021-04-07 17:27:09,-1.8804717,-8.399708,-3.5213366
2021-04-07 17:27:10,-1.0449288,-10.22257,-1.5942224
2021-04-07 17:27:10,0.88371897,-9.21072,-2.1231446
2021-04-07 17:27:10,-1.5339894,-8.485561,-2.481891
2021-04-07 17:27:10,-0.32436875,-8.890302,-2.2979178
2021-04-07 17:27:10,-0.9866707,-10.415744,-0.94111925
2021-04-07 17:27:11,-0.8103635,-7.8646526,-2.639801
2021-04-07 17:27:11,-2.0629113,-9.736576,-3.3005698
2021-04-07 17:27:11,0.5709653,-9.862292,-1.7720627
2021-04-07 17:27:11,-1.221236,-8.698664,-2.2365942
2021-04-07 17:27:11,-0.588063,-8.824379,-3.1901863
2021-04-07 17:27:12,0.012914676,-10.489332,-0.5885049
2021-04-07 17:27:12,-0.9161475,-8.375178,-1.5850238
2021-04-07 17:27:12,-2.3419366,-8.700196,-3.8264248
2021-04-07 17:27:12,-0.20172024,-10.432605,-1.368856
2021-04-07 17:27:12,0.5372369,-8.720126,-1.7414007
2021-04-07 17:27:13,-1.3990766,-8.536155,-2.5830758
2021-04-07 17:27:13,0.64302135,-9.678318,-1.7505994
2021-04-07 17:27:13,-1.3990761,-9.871488,-0.7954741
2021-04-07 17:27:13,-1.2258353,-8.03023,-3.329699
2021-04-07 17:27:13,-1.8758719,-10.106054,-2.1645386
2021-04-07 17:27:14,1.0784235,-9.497412,-1.3519918
2021-04-07 17:27:14,-1.3730135,-8.643472,-2.1829355
2021-04-07 17:27:14,-0.6969136,-8.695599,-2.8007772
2021-04-07 17:27:14,-0.6524533,-10.878741,-0.2757511
2021-04-07 17:27:14,-0.38569298,-7.924444,-2.451229
2021-04-07 17:27:15,-2.1502984,-10.12292,-3.6409194
2021-04-07 17:27:15,0.11716587,-8.991487,-1.6984737
2021-04-07 17:27:15,-0.588063,-9.181591,-1.5083684
2021-04-07 17:27:15,-0.37189507,-8.2417965,-3.2300467
2021-04-07 17:27:15,-1.4052086,-11.573237,-0.07338106
2021-04-07 17:27:16,-0.08367107,-7.765002,-2.2841203
2021-04-07 17:27:16,-3.0931582,-8.631207,-3.8064947
2021-04-07 17:27:16,-0.25077966,-10.349819,-1.7873939
2021-04-07 17:27:16,0.23674813,-9.002218,-2.1400084
2021-04-07 17:27:16,-1.5937809,-8.154411,-2.4481628
2021-04-07 17:27:17,-0.19252163,-8.939361,-2.6367347
2021-04-07 17:27:17,-1.1813751,-11.045849,-1.0913637
2021-04-07 17:27:17,0.33486694,-7.6469526,-2.5064209
2021-04-07 17:27:17,-3.016503,-9.828563,-3.6516516
2021-04-07 17:27:17,0.14169556,-9.738111,-1.4470444
2021-04-07 17:27:18,-0.8180289,-8.712461,-1.5850236
2021-04-07 17:27:18,-0.71837723,-8.479428,-3.2269807
2021-04-07 17:27:18,-0.05914131,-11.142435,-0.57470685
2021-04-07 17:27:18,-0.9790052,-8.191205,-1.4792395
2021-04-07 17:27:18,-3.1590824,-8.767652,-3.8601534
2021-04-07 17:27:19,-0.12353178,-10.145916,-1.5942225
2021-04-07 17:27:19,0.08190445,-8.692532,-1.6555469
2021-04-07 17:27:19,-0.83795935,-8.640406,-2.859035
2021-04-07 17:27:19,1.4479022,-9.994139,-1.7276028
2021-04-07 17:27:19,-2.317407,-9.304239,-0.994778
2021-04-07 17:27:20,-2.303609,-8.042493,-3.706843
2021-04-07 17:27:20,-1.1062529,-10.703966,-1.528299
2021-04-07 17:27:20,0.2750758,-8.994553,-2.089416
2021-04-07 17:27:20,-1.0955212,-8.678732,-2.161472
2021-04-07 17:27:20,-0.3810937,-8.968491,-2.5907416
2021-04-07 17:27:21,-0.47767934,-10.178112,-0.68355733
2021-04-07 17:27:21,-0.5727319,-8.373645,-2.3163154
2021-04-07 17:27:21,-2.2453508,-9.742708,-3.7911642
2021-04-07 17:27:21,0.51270723,-9.17086,-1.4470443
2021-04-07 17:27:21,-0.6493872,-9.167793,-1.4255809
2021-04-07 17:27:22,-0.54666907,-8.545353,-3.0920675
2021-04-07 17:27:22,0.43298575,-10.88334,-0.82460314
2021-04-07 17:27:22,-1.2718285,-8.462564,-1.327462
2021-04-07 17:27:22,-2.99504,-8.582148,-3.7175744
2021-04-07 17:27:22,-0.12353176,-10.45867,-1.6202854
2021-04-07 17:27:23,0.31800282,-8.7707205,-1.7705297
2021-04-07 17:27:23,-0.49454358,-8.891835,-2.204399
2021-04-07 17:27:23,-1.0449286,-8.778384,-2.5631456
2021-04-07 17:27:23,-0.47307998,-10.544524,-0.5363792
2021-04-07 17:27:23,-0.22931617,-7.8201933,-2.4604273
2021-04-07 17:27:24,-2.5964322,-10.0294,-3.910746
2021-04-07 17:27:24,0.2781421,-9.074274,-1.5359645
2021-04-07 17:27:24,-0.5190732,-9.112602,-1.7030731
2021-04-07 17:27:24,-0.6570528,-8.559151,-3.3281653
2021-04-07 17:27:24,0.16469221,-10.766824,-0.8705963
2021-04-07 17:27:25,-1.406742,-8.589812,-1.4961038
2021-04-07 17:27:25,-2.5964322,-8.281658,-3.8187597
2021-04-07 17:27:25,-0.63098997,-10.679438,-1.6831427
2021-04-07 17:27:25,0.21681793,-8.54842,-2.0188928
2021-04-07 17:27:26,-1.2687622,-8.700197,-2.587675
2021-04-07 17:27:26,0.28580758,-8.793716,-2.2151306
2021-04-07 17:27:26,-0.73064196,-10.282363,-1.2722703
2021-04-07 17:27:26,-2.4109266,-8.298523,-3.1917193
2021-04-07 17:27:26,-1.323954,-9.794834,-1.8763138
2021-04-07 17:27:27,0.45138302,-9.336436,-2.2135975
2021-04-07 17:27:27,-1.3362192,-8.700196,-2.3132493
2021-04-07 17:27:27,-0.7183772,-8.755389,-2.655132
2021-04-07 17:27:27,0.14016245,-10.443338,-0.8184708
2021-04-07 17:27:27,-1.2718284,-8.129881,-2.6382682
2021-04-07 17:27:28,-1.7946181,-9.684451,-3.3848906
2021-04-07 17:27:28,-8.8331697E-4,-9.1018715,-1.6739441
2021-04-07 17:27:28,-0.42248756,-8.862706,-2.1568725
2021-04-07 17:27:28,-0.20325333,-8.741591,-2.0618203
2021-04-07 17:27:28,-0.87781996,-10.74536,-1.3075316
2021-04-07 17:27:29,-1.5585192,-8.017964,-2.5202188
2021-04-07 17:27:29,-1.986256,-9.682919,-2.8605683
2021-04-07 17:27:29,0.5755646,-9.681385,-1.3872532
2021-04-07 17:27:29,-1.5999131,-8.399708,-2.3883715
2021-04-07 17:27:29,0.2720096,-8.985355,-2.567745
2021-04-07 17:27:30,-1.270295,-10.63651,-0.7556134
2021-04-07 17:27:30,-0.558934,-8.010299,-2.3945038
2021-04-07 17:27:30,-2.6347601,-9.7028475,-3.6945786
2021-04-07 17:27:30,0.6338227,-9.396227,-1.4317131
2021-04-07 17:27:30,-0.83642626,-8.931698,-1.874781
2021-04-07 17:27:31,-0.5681326,-8.638873,-2.9341576
2021-04-07 17:27:31,-1.0234653,-11.051983,-0.43519416
2021-04-07 17:27:31,-0.00241642,-7.950507,-2.2151306
2021-04-07 17:27:31,-2.8355966,-9.425355,-3.9736035
2021-04-07 17:27:31,0.43605202,-9.727379,-1.512968
2021-04-07 17:27:32,-0.6187252,-8.772252,-1.7689965
2021-04-07 17:27:32,-0.6831157,-8.612809,-3.185587
2021-04-07 17:27:32,0.5157735,-9.741177,-1.6954073
2021-04-07 17:27:32,-1.7547566,-9.63999,-1.2155453
2021-04-07 17:27:32,-1.9142,-7.906048,-3.6409194
2021-04-07 17:27:33,-1.7394258,-10.136717,-1.7935264
2021-04-07 17:27:33,0.8729873,-9.402359,-2.0219588
2021-04-07 17:27:33,-1.6213768,-8.479429,-2.5217519
2021-04-07 17:27:33,-0.10666767,-8.669535,-2.615271
2021-04-07 17:27:33,-0.86862135,-10.742293,-0.96564895
2021-04-07 17:27:34,-0.67085075,-7.95204,-2.3914378
2021-04-07 17:27:34,-2.332738,-10.075393,-3.516738
2021-04-07 17:27:34,0.6568193,-9.032882,-1.4623753
2021-04-07 17:27:34,-0.84562486,-9.259781,-1.7245364
2021-04-07 17:27:34,-0.99280304,-8.652671,-2.8973625
2021-04-07 17:27:35,0.7518719,-10.608914,-1.3887864
2021-04-07 17:27:35,-1.4190067,-8.519291,-1.238542
2021-04-07 17:27:35,-2.1395667,-8.4457,-3.6209898
2021-04-07 17:27:35,-0.7076452,-10.382014,-1.8977779
2021-04-07 17:27:35,0.5602335,-8.890301,-2.1216106
2021-04-07 17:27:36,-1.0387962,-8.600544,-2.3485105
2021-04-07 17:27:36,-0.5803976,-9.075807,-2.4634936
2021-04-07 17:27:36,-0.65705293,-10.283896,-0.6130345
2021-04-07 17:27:36,-0.80883026,-7.965838,-2.4037027
2021-04-07 17:27:36,-2.4569197,-10.003338,-3.7037766
2021-04-07 17:27:37,0.681349,-9.167795,-1.5436298
2021-04-07 17:27:37,-0.7628372,-9.144797,-1.5865569
2021-04-07 17:27:37,-0.4853448,-8.776853,-2.9832168
2021-04-07 17:27:37,0.46518093,-10.072327,-1.5221663
2021-04-07 17:27:37,-1.5232576,-9.005284,-1.1526879
2021-04-07 17:27:38,-1.8344785,-8.159011,-3.6424525
2021-04-07 17:27:38,-1.5585191,-10.253232,-1.906976
2021-04-07 17:27:38,0.97110605,-9.305774,-2.1737363
2021-04-07 17:27:38,-1.7639552,-8.48403,-2.26419
2021-04-07 17:27:38,-0.30290517,-9.25518,-3.2223816
2021-04-07 17:27:39,-0.37342796,-10.403478,-0.31867808
2021-04-07 17:27:39,-0.81496274,-8.232599,-2.1691377
2021-04-07 17:27:39,-2.719081,-9.5802,-3.8938825
2021-04-07 17:27:39,0.73654085,-9.083474,-2.0158265
2021-04-07 17:27:39,-1.1645111,-9.132532,-1.654014
2021-04-07 17:27:40,-0.27377617,-8.487095,-3.3220327
2021-04-07 17:27:40,0.29500622,-10.711632,-0.97944677
2021-04-07 17:27:40,-1.817614,-8.542286,-1.661679
2021-04-07 17:27:40,-2.550439,-8.221867,-3.8080285
2021-04-07 17:27:40,-0.43168622,-10.62118,-1.6923412
2021-04-07 17:27:41,0.5188396,-8.801381,-2.1798692
2021-04-07 17:27:41,-1.178309,-8.496293,-2.5217519
2021-04-07 17:27:41,-0.5803974,-8.851974,-2.7593832
2021-04-07 17:27:41,-1.006601,-10.700901,-0.402999
2021-04-07 17:27:41,-0.49301043,-8.060892,-2.7777805
2021-04-07 17:27:42,-2.682286,-9.736576,-3.801895
2021-04-07 17:27:42,0.83006024,-9.318038,-1.3397269
2021-04-07 17:27:42,-0.8655553,-9.005285,-1.8272547
2021-04-07 17:27:42,-0.24158104,-8.962358,-2.9402895
2021-04-07 17:27:42,-0.5236725,-9.009884,-1.615686
2021-04-07 17:27:43,-1.2825601,-10.081527,-1.3059987
2021-04-07 17:27:43,-2.0966396,-7.6684155,-3.8954148
2021-04-07 17:27:43,-1.034197,-11.180763,-1.4010512
2021-04-07 17:27:43,0.72580904,-8.471764,-2.642867
2021-04-07 17:27:43,-1.2472985,-8.801382,-2.6060724
2021-04-07 17:27:44,-0.44701725,-8.557616,-2.6612647
2021-04-07 17:27:44,-0.87781996,-10.74536,-0.8537322
2021-04-07 17:27:44,-0.6110596,-8.062425,-2.30865
2021-04-07 17:27:44,-2.4063272,-9.767239,-3.791164
2021-04-07 17:27:44,0.28887385,-9.121801,-1.5374978
2021-04-07 17:27:45,-0.7122446,-9.132532,-1.6279509
2021-04-07 17:27:45,-0.49914283,-8.597478,-3.2683744
2021-04-07 17:27:45,-0.6386554,-11.050448,-0.3570058
2021-04-07 17:27:45,-0.49454346,-8.260196,-1.661679
2021-04-07 17:27:45,-2.9858408,-8.767655,-3.8524885
2021-04-07 17:27:46,0.11563283,-10.463269,-1.7521324
2021-04-07 17:27:46,-0.1311974,-8.306189,-1.960635
2021-04-07 17:27:46,-0.6693177,-8.684866,-2.903495
2021-04-07 17:27:46,0.19842052,-9.382427,-2.1522734
2021-04-07 17:27:46,-1.1767758,-10.136718,-1.065301
2021-04-07 17:27:47,-1.078657,-7.838591,-3.7528362
2021-04-07 17:27:47,-1.9172659,-10.003338,-2.6658642
2021-04-07 17:27:47,0.60622674,-9.419224,-1.7766623
2021-04-07 17:27:47,-1.0142666,-8.6312065,-2.0020287
2021-04-07 17:27:47,-0.7766351,-8.675665,-3.085935
2021-04-07 17:27:48,-1.0249982,-11.343271,0.11212477
2021-04-07 17:27:48,0.47284648,-7.7726674,-2.4358976
2021-04-07 17:27:48,-3.0149703,-9.023683,-3.88315
2021-04-07 17:27:48,0.055841636,-10.29616,-1.9989624
2021-04-07 17:27:48,-0.24004787,-8.649604,-1.9085095
2021-04-07 17:27:49,-0.88088644,-8.75079,-2.9908826
2021-04-07 17:27:49,0.015980834,-9.164728,-2.0403564
2021-04-07 17:27:49,-0.97133946,-9.807099,-1.051503
2021-04-07 17:27:49,-1.437404,-8.057825,-3.27604
2021-04-07 17:27:49,-1.5232577,-10.3942795,-1.9422379
2021-04-07 17:27:50,1.1412809,-9.359432,-2.1262107
2021-04-07 17:27:50,-1.2932919,-8.645005,-2.1262102
2021-04-07 17:27:50,-0.21705136,-8.879569,-2.783913
2021-04-07 17:27:50,-0.5482024,-10.765292,-0.08257971
2021-04-07 17:27:50,-0.1495947,-7.7420063,-2.481891
2021-04-07 17:27:51,-2.7604752,-10.181177,-3.7804315
2021-04-07 17:27:51,1.2470653,-8.931695,-2.0556874
2021-04-07 17:27:51,-1.3484837,-8.85964,-1.5206336
2021-04-07 17:27:51,0.6215578,-9.17546,-2.9218922
2021-04-07 17:27:51,0.91284806,-10.322223,-1.3995178
2021-04-07 17:27:52,-2.2162216,-8.962358,-1.2523398
2021-04-07 17:27:52,-1.6719692,-8.220334,-3.7099097
2021-04-07 17:27:52,-1.2396334,-10.780622,-1.9851643
2021-04-07 17:27:52,1.1198173,-8.415038,-2.1139452
2021-04-07 17:27:52,-0.6846487,-8.8995,-2.2166636
2021-04-07 17:27:53,-0.5604671,-9.065076,-2.5478144
2021-04-07 17:27:53,-0.24771355,-10.337554,-0.27268493
2021-04-07 17:27:53,-0.6785162,-8.114551,-2.5723448
2021-04-07 17:27:53,-2.392529,-9.796368,-3.5397341
2021-04-07 17:27:53,0.65375304,-9.014483,-1.9008436
2021-04-07 17:27:54,-0.8885519,-9.201523,-1.8011918
2021-04-07 17:27:54,-0.57273203,-8.53922,-3.4630792
2021-04-07 17:27:54,-0.29064047,-11.1501,-0.74028236
2021-04-07 17:27:54,-0.85022414,-8.257129,-1.8410525
2021-04-07 17:27:54,-2.8463285,-8.51929,-3.808028
2021-04-07 17:27:55,-0.03767787,-10.317624,-1.643282
2021-04-07 17:27:55,0.20148672,-8.6863985,-1.8364534
2021-04-07 17:27:55,-1.0556604,-8.447234,-3.1181307
2021-04-07 17:27:55,0.8131961,-9.978807,-1.6969403
2021-04-07 17:27:55,-1.7639554,-9.443752,-1.1128272
2021-04-07 17:27:56,-1.8651406,-8.160543,-3.3910232
2021-04-07 17:27:56,-1.5661846,-10.043197,-2.1829352
2021-04-07 17:27:56,0.9051825,-9.561802,-1.7613311
2021-04-07 17:27:56,-1.8896701,-8.4549,-2.3347127
2021-04-07 17:27:57,-0.11739936,-9.109536,-2.5677447
2021-04-07 17:27:57,-1.1905737,-10.66564,-0.15156952
2021-04-07 17:27:57,0.18922181,-8.162076,-2.279521
2021-04-07 17:27:57,-2.8739243,-9.327236,-4.157576
2021-04-07 17:27:57,0.7488057,-9.991072,-1.2017474
2021-04-07 17:27:58,-0.61105955,-8.669534,-1.9008439
2021-04-07 17:27:58,-0.7781682,-8.782984,-2.762449
2021-04-07 17:27:58,-0.17105816,-8.79525,-2.3715074
2021-04-07 17:27:58,-0.96367395,-10.536857,-1.0867643
2021-04-07 17:27:58,-0.8517573,-7.9213777,-2.9356906
2021-04-07 17:27:59,-2.3174067,-10.064662,-2.8391047
2021-04-07 17:27:59,0.88371897,-9.25518,-2.049555
2021-04-07 17:27:59,-1.2043717,-8.905634,-1.9698334
2021-04-07 17:27:59,-0.56813264,-8.6863985,-3.3526952
2021-04-07 17:27:59,-0.8057641,-11.288081,-0.67129266
2021-04-07 17:28:00,-0.6555198,-7.7404714,-1.7306688
2021-04-07 17:28:00,-2.4124594,-8.755389,-3.9122787
2021-04-07 17:28:00,-0.4914773,-10.329886,-1.4485773
2021-04-07 17:28:00,0.6138924,-8.778384,-2.046489
2021-04-07 17:28:00,-1.71183,-8.586745,-2.595341
2021-04-07 17:28:01,-0.21245198,-8.838177,-2.1645381
2021-04-07 17:28:01,-1.1507131,-10.515394,-0.63143176
2021-04-07 17:28:01,-0.20631954,-8.201938,-2.2979183
2021-04-07 17:28:01,-2.7666068,-9.914417,-3.8233595
2021-04-07 17:28:01,0.93431145,-9.334901,-1.5236995
2021-04-07 17:28:02,-0.4700138,-9.052812,-1.5160341
2021-04-07 17:28:02,-0.31670323,-8.815179,-3.058339
2021-04-07 17:28:02,-0.5528017,-9.178527,-1.6616794
2021-04-07 17:28:02,-1.3208878,-10.113721,-1.0147082
2021-04-07 17:28:02,-1.325487,-8.2157345,-3.3021026
2021-04-07 17:28:03,-2.07211,-9.497412,-3.2576427
2021-04-07 17:28:03,0.7978651,-9.577132,-1.4669746
2021-04-07 17:28:03,-1.1599116,-8.870371,-1.8839797
2021-04-07 17:28:03,-0.56506646,-8.856574,-3.2791061
2021-04-07 17:28:03,-0.5727319,-11.030518,-0.42752865
2021-04-07 17:28:04,-0.6785161,-8.0240965,-1.5988219
2021-04-07 17:28:04,-2.6163623,-8.503959,-3.650118
2021-04-07 17:28:04,-0.17412426,-10.271629,-1.7444665
2021-04-07 17:28:04,0.5157737,-9.146331,-2.1568725
2021-04-07 17:28:04,-1.7010982,-8.333784,-2.6183374
2021-04-07 17:28:05,-0.7812344,-8.847374,-3.4017549
2021-04-07 17:28:05,-0.8134296,-10.604315,-0.48272046
2021-04-07 17:28:05,-0.2017202,-8.106884,-2.613738
2021-04-07 17:28:05,-3.149884,-9.503545,-3.832557
2021-04-07 17:28:05,0.75800425,-9.198458,-2.0832834
2021-04-07 17:28:06,-0.49454358,-9.285842,-1.6049542
2021-04-07 17:28:06,-0.43321946,-8.940894,-2.9602203
2021-04-07 17:28:06,-0.020813828,-9.655321,-1.2201446
2021-04-07 17:28:06,-1.2840935,-9.583266,-1.1036285
2021-04-07 17:28:06,-1.3929439,-7.955107,-3.1487925
2021-04-07 17:28:07,-1.6029794,-10.011003,-2.805377
2021-04-07 17:28:07,0.8622556,-9.581733,-1.3642564
2021-04-07 17:28:07,-1.1169848,-8.709394,-2.1139457
2021-04-07 17:28:07,-0.51754016,-8.942428,-2.8590353
2021-04-07 17:28:07,-0.52367246,-10.921667,-0.07031493
2021-04-07 17:28:08,-0.313637,-8.185073,-2.0894158
2021-04-07 17:28:08,-2.734412,-8.744657,-3.9828024
2021-04-07 17:28:08,0.075771995,-10.129051,-1.6279504
2021-04-07 17:28:08,0.7518719,-8.996087,-1.7919933
2021-04-07 17:28:08,-1.2810272,-8.72626,-2.2718554
2021-04-07 17:28:09,-0.36729565,-9.005285,-2.6122046
2021-04-07 17:28:09,-0.52673894,-10.355951,-0.533313
2021-04-07 17:28:09,-0.4071565,-8.232599,-2.4021697
2021-04-07 17:28:09,-2.1840267,-9.810165,-3.6869125
2021-04-07 17:28:09,0.6874814,-9.2643795,-1.6248848
2021-04-07 17:28:10,-0.68618184,-9.2613125,-1.5896231
2021-04-07 17:28:10,-0.61412585,-8.746189,-3.2883048
2021-04-07 17:28:10,0.25514552,-10.622711,-0.42139626
2021-04-07 17:28:10,-1.4726654,-8.298523,-1.7230035
2021-04-07 17:28:10,-2.9275832,-8.600545,-3.7467034
2021-04-07 17:28:11,0.08343758,-10.7484255,-1.6770103
2021-04-07 17:28:11,0.42532027,-8.375178,-2.133876
2021-04-07 17:28:11,-0.805764,-9.085008,-2.267256
2021-04-07 17:28:11,-0.8808863,-8.841242,-2.6290693
2021-04-07 17:28:11,-0.690781,-10.470933,-0.26042008
2021-04-07 17:28:12,0.12329833,-7.9888363,-2.3546433
2021-04-07 17:28:12,-2.478383,-9.925149,-4.143778
2021-04-07 17:28:12,0.83925897,-9.469815,-1.3167304
2021-04-07 17:28:12,-0.5022091,-8.72626,-1.5788913
2021-04-07 17:28:12,-0.12659821,-9.091138,-3.1978517
2021-04-07 17:28:13,0.16775827,-10.004869,-0.22822484
2021-04-07 17:28:13,-1.740959,-9.362498,-1.2554059
2021-04-07 17:28:13,-1.8283459,-8.120682,-3.7267737
2021-04-07 17:28:13,-1.1001204,-9.879156,-2.7011251
2021-04-07 17:28:13,0.73347455,-9.357899,-1.5896232
2021-04-07 17:28:14,-1.1507131,-8.897967,-2.009694
2021-04-07 17:28:14,-0.8732209,-9.037481,-2.7302544
2021-04-07 17:28:14,-0.28910726,-10.80975,-0.40146583
2021-04-07 17:28:14,-0.5727318,-8.211135,-1.7337353
2021-04-07 17:28:14,-2.4661183,-8.425771,-3.8984811
2021-04-07 17:28:15,-0.12966424,-10.874141,-1.5497624
2021-04-07 17:28:15,0.33333388,-8.418105,-1.9698339
2021-04-07 17:28:15,-1.2856265,-8.756921,-2.7777805
2021-04-07 17:28:15,-0.35809708,-8.735458,-2.3393123
2021-04-07 17:28:15,-1.2135704,-10.685569,-0.49038604
2021-04-07 17:28:16,0.020580148,-8.073156,-2.593808
2021-04-07 17:28:16,-2.7006836,-9.765707,-3.7497697
2021-04-07 17:28:16,0.955775,-9.828564,-1.281469
2021-04-07 17:28:16,-0.68464875,-8.706328,-1.531365
2021-04-07 17:28:16,-0.46081528,-8.796782,-3.1119974
2021-04-07 17:28:17,-0.12966408,-9.577133,-1.3519918
2021-04-07 17:28:17,-1.7639556,-9.652255,-1.1603534
2021-04-07 17:28:17,-1.5324565,-8.11455,-3.3756921
2021-04-07 17:28:17,-1.5447214,-9.989538,-2.610672
2021-04-07 17:28:17,0.5019755,-9.282777,-1.7797283
2021-04-07 17:28:18,-0.948343,-8.86424,-2.190601
2021-04-07 17:28:18,-0.9544756,-8.72626,-3.1165972
2021-04-07 17:28:18,-1.2181697,-11.318742,-0.021255527
2021-04-07 17:28:18,0.35786346,-7.5534334,-2.4880233
2021-04-07 17:28:18,-3.154483,-9.0175495,-3.8478887
2021-04-07 17:28:19,-0.53747046,-10.075392,-1.8119235
2021-04-07 17:28:19,0.54336953,-8.922497,-2.090949
2021-04-07 17:28:19,-1.1231171,-8.510092,-2.5478144
2021-04-07 17:28:19,-0.59572846,-8.865771,-2.6306021
2021-04-07 17:28:19,-0.58499676,-10.610446,-0.6881567
2021-04-07 17:28:20,-0.58193064,-8.062425,-2.4328315
2021-04-07 17:28:20,-2.233086,-9.804032,-3.918412
2021-04-07 17:28:20,0.5188398,-9.183125,-1.4853721
2021-04-07 17:28:20,-0.6907812,-9.176992,-1.6524806
2021-04-07 17:28:20,-0.36422944,-8.671068,-3.3480964
2021-04-07 17:28:21,0.25514537,-10.317623,-0.9763807
2021-04-07 17:28:21,-1.5324566,-8.887235,-1.198681
2021-04-07 17:28:21,-2.2698805,-8.257129,-3.6317208
2021-04-07 17:28:21,-1.1338489,-9.848493,-2.2028658
2021-04-07 17:28:21,0.87145424,-9.6798525,-2.074085
2021-04-07 17:28:22,-1.4879966,-8.327652,-2.1415415
2021-04-07 17:28:22,-0.6202583,-9.137132,-2.9970145
2021-04-07 17:28:22,0.35633042,-10.783688,-0.6712925
2021-04-07 17:28:22,-0.31363687,-8.042494,-2.0127604
2021-04-07 17:28:22,-3.0042386,-8.622008,-3.9015472
2021-04-07 17:28:23,0.015980873,-10.590516,-1.6386827
2021-04-07 17:28:23,0.17235765,-8.576015,-2.023492
2021-04-07 17:28:23,-0.66625154,-8.781451,-2.5922747
2021-04-07 17:28:23,0.35939655,-9.291976,-1.8901123
2021-04-07 17:28:23,-1.1829082,-10.187309,-0.6651601
2021-04-07 17:28:24,-0.8716877,-8.252528,-2.5738773
2021-04-07 17:28:24,-2.0491133,-9.693649,-3.5642645
2021-04-07 17:28:24,0.5142403,-9.229118,-1.4869051
2021-04-07 17:28:24,-0.7980987,-9.17086,-1.6862088
2021-04-07 17:28:24,-0.64172167,-8.626608,-3.182521
2021-04-07 17:28:25,0.27200955,-10.820484,-0.764812
2021-04-07 17:28:25,-1.2120371,-8.646537,-1.3627232
2021-04-07 17:28:25,-2.0399146,-8.310787,-3.5458667
2021-04-07 17:28:25,-0.9422107,-10.351353,-1.7950593
2021-04-07 17:28:25,0.5709653,-9.008351,-2.0020287
2021-04-07 17:28:26,-1.4910626,-8.413506,-2.655132
2021-04-07 17:28:26,0.66448486,-9.112602,-1.933039
2021-04-07 17:28:26,-1.3178216,-10.555255,-1.0193077
2021-04-07 17:28:26,-1.03573,-7.9689045,-2.5340166
2021-04-07 17:28:27,-1.7961507,-10.124453,-3.2791064
2021-04-07 17:28:27,0.65835243,-9.123334,-1.4991701
2021-04-07 17:28:27,-0.6325231,-9.210719,-1.5880901
2021-04-07 17:28:27,-0.7383075,-8.695599,-3.2852387
2021-04-07 17:28:27,0.3455986,-10.569053,-0.74028236
2021-04-07 17:28:28,-1.5385889,-8.58368,-1.6586131
2021-04-07 17:28:28,-2.507512,-8.113017,-3.6531842
2021-04-07 17:28:28,-0.87935334,-10.633444,-1.5742923
2021-04-07 17:28:28,0.94197726,-8.779919,-2.1400084
2021-04-07 17:28:28,-1.5385889,-8.690997,-2.7149231
2021-04-07 17:28:29,0.4375849,-9.112602,-2.4604273
2021-04-07 17:28:29,-1.3730131,-10.190376,-1.0361719
2021-04-07 17:28:29,-1.0602598,-7.948974,-2.7302542
2021-04-07 17:28:29,-1.829879,-10.319156,-3.2223809
2021-04-07 17:28:29,0.5541011,-8.844309,-1.6248846
2021-04-07 17:28:30,-0.54513603,-9.291975,-1.7490661
2021-04-07 17:28:30,-1.0679255,-8.384377,-3.7206407
2021-04-07 17:28:30,-0.059141293,-11.160832,-0.39839962
2021-04-07 17:28:30,-0.9606079,-8.082355,-1.7965927
2021-04-07 17:28:30,-2.8662589,-8.580614,-3.884683
2021-04-07 17:28:31,-0.7643702,-10.619646,-1.4194485
2021-04-07 17:28:31,1.110619,-8.597478,-2.4527621
2021-04-07 17:28:31,-2.0169182,-8.707862,-2.30865
2021-04-07 17:28:31,-0.12353181,-8.983822,-2.9402895
2021-04-07 17:28:31,-0.53593767,-10.661041,-0.23742348
2021-04-07 17:28:32,-0.0054826164,-7.9474416,-2.2718556
2021-04-07 17:28:32,-3.2112079,-9.359433,-4.3277507
2021-04-07 17:28:32,0.61695844,-9.834695,-1.560494
2021-04-07 17:28:32,-0.11126698,-8.753855,-1.7981257
2021-04-07 17:28:32,-0.61872494,-8.687931,-3.4630792
2021-04-07 17:28:33,0.45291612,-10.313024,-1.4976366
2021-04-07 17:28:33,-2.0736427,-9.1264,-1.1664859
2021-04-07 17:28:33,-1.901935,-7.9965014,-3.7467031
2021-04-07 17:28:33,-1.3975431,-10.012535,-2.2595906
2021-04-07 17:28:33,1.072291,-9.48668,-1.9713665
2021-04-07 17:28:34,-1.7869524,-8.663402,-2.2013323
2021-04-07 17:28:34,-0.2783756,-8.641938,-3.4983401
2021-04-07 17:28:34,-0.5972615,-10.883343,-0.074914195
2021-04-07 17:28:34,-0.008548826,-8.117617,-2.3776398
2021-04-07 17:28:34,-2.909186,-9.02828,-4.1315136
2021-04-07 17:28:35,0.24901307,-10.234836,-1.788927
2021-04-07 17:28:35,0.21375161,-8.562218,-2.035757
2021-04-07 17:28:35,-0.86708826,-8.876505,-2.8728333
2021-04-07 17:28:35,-0.6217913,-8.709395,-2.350044
2021-04-07 17:28:35,-0.7781683,-10.533792,-0.605369
2021-04-07 17:28:36,-0.62179136,-7.996501,-2.5723443
2021-04-07 17:28:36,-2.0690436,-10.0922575,-3.8923483
2021-04-07 17:28:36,0.9205134,-8.965424,-1.4746403
2021-04-07 17:28:36,-0.84715796,-9.144797,-1.6325504
2021-04-07 17:28:36,-0.066806965,-8.793716,-3.3419638
2021-04-07 17:28:37,0.097235516,-9.382428,-1.5236998
2021-04-07 17:28:37,-1.4389371,-9.830096,-1.4945707
2021-04-07 17:28:37,-2.5857008,-7.683747,-3.5397346
2021-04-07 17:28:37,-1.0311306,-10.87874,-1.7230035
2021-04-07 17:28:37,0.80093116,-8.81518,-2.4880238
2021-04-07 17:28:38,-0.20478642,-8.991487,-1.7459999
2021-04-07 17:28:38,-0.5757981,-8.937828,-2.9126937
2021-04-07 17:28:38,-0.026945982,-10.466334,-0.056516923
2021-04-07 17:28:38,-0.46234834,-8.307721,-1.9958963
2021-04-07 17:28:38,-2.8524606,-8.885702,-4.077854
2021-04-07 17:28:39,0.8959839,-10.605848,-1.1312244
2021-04-07 17:28:39,-0.24004789,-8.65267,-2.0066283
2021-04-07 17:28:39,-0.71071154,-8.542286,-2.5263512
2021-04-07 17:28:39,-0.21858434,-9.221454,-1.7291359
2021-04-07 17:28:39,-0.96520704,-10.359017,-1.0085759
2021-04-07 17:28:40,-1.4512019,-8.0792885,-2.7701147
2021-04-07 17:28:40,-1.1629779,-9.937413,-3.3756921
2021-04-07 17:28:40,0.9051826,-9.736576,-1.1818169
2021-04-07 17:28:40,-0.8578897,-8.640406,-1.5007031
2021-04-07 17:28:40,-0.5497354,-8.755388,-3.0859346
2021-04-07 17:28:41,0.4912438,-9.777969,-1.3458594
2021-04-07 17:28:41,-1.7164291,-9.774904,-1.1894825
2021-04-07 17:28:41,-1.3162886,-7.981169,-3.5397341
2021-04-07 17:28:41,-1.564652,-10.038599,-2.8191738
2021-04-07 17:28:41,0.48817757,-9.41769,-1.151155
2021-04-07 17:28:42,-0.79503244,-9.152463,-1.5099018
2021-04-07 17:28:42,-0.6340561,-8.582148,-2.8713005
2021-04-07 17:28:42,0.89291745,-10.288495,-1.5696931
2021-04-07 17:28:42,-1.6811682,-9.313438,-1.1158934
2021-04-07 17:28:42,-0.6647184,-7.9888353,-3.4124863
2021-04-07 17:28:43,-1.9249321,-9.477481,-2.855969
2021-04-07 17:28:43,0.9910365,-10.377415,-1.47464
2021-04-07 17:28:43,-1.8666737,-8.188138,-2.210531
2021-04-07 17:28:43,-0.4132889,-8.954693,-3.3818243
2021-04-07 17:28:43,0.16315916,-10.89867,-0.3340092
2021-04-07 17:28:44,-0.9284126,-8.418105,-1.5482293
2021-04-07 17:28:44,-2.4998467,-8.116084,-3.61639
2021-04-07 17:28:44,-0.59726167,-10.500064,-1.690808
2021-04-07 17:28:44,0.96344084,-9.14173,-1.7352681
2021-04-07 17:28:44,-1.3423514,-8.416573,-2.5033545
2021-04-07 17:28:45,-0.23238245,-9.221454,-2.800777
2021-04-07 17:28:45,-0.73524094,-10.495462,-0.32327744
2021-04-07 17:28:45,-0.21551819,-8.004167,-2.6321354
2021-04-07 17:28:45,-2.8034015,-9.914416,-3.875485
2021-04-07 17:28:45,1.2623962,-9.166261,-1.456243
2021-04-07 17:28:46,-0.49607667,-9.203056,-1.5880901
2021-04-07 17:28:46,-0.34583226,-8.545352,-2.9203591
2021-04-07 17:28:46,0.25821152,-10.346753,-1.2784026
2021-04-07 17:28:46,-2.029183,-9.408492,-1.095963
2021-04-07 17:28:46,-1.1599116,-8.143681,-3.4370165
2021-04-07 17:28:47,-1.0020018,-9.718179,-2.7455854
2021-04-07 17:28:47,0.38852566,-9.685985,-1.0530361
2021-04-07 17:28:47,-1.3561493,-8.408906,-2.313249
2021-04-07 17:28:47,-0.75670457,-8.868839,-3.3097684
2021-04-07 17:28:47,-1.1507128,-11.407662,0.2991637
2021-04-07 17:28:48,0.19535433,-7.522771,-2.3408456
2021-04-07 17:28:48,-3.3583856,-8.925565,-4.2265663
2021-04-07 17:28:48,0.9036494,-10.550655,-1.3703891
2021-04-07 17:28:48,-0.049942695,-8.625075,-1.6938745
2021-04-07 17:28:48,-1.2718287,-8.9041,-2.6919265
2021-04-07 17:28:49,-0.13732974,-8.861173,-2.261124
2021-04-07 17:28:49,-1.2764277,-10.451005,-0.69428915
2021-04-07 17:28:49,-0.5466692,-7.955107,-2.7041912
2021-04-07 17:28:49,-2.4553864,-9.863825,-3.6148562
2021-04-07 17:28:49,0.42838645,-9.167793,-1.6218185
2021-04-07 17:28:50,-0.5803975,-9.241383,-1.4516435
2021-04-07 17:28:50,-0.6493873,-8.572948,-3.2837055
2021-04-07 17:28:50,0.34559867,-10.316092,-1.3151971
2021-04-07 17:28:50,-1.8559422,-9.097271,-1.0545691
2021-04-07 17:28:50,-1.9540608,-8.123749,-3.7007105
2021-04-07 17:28:51,-1.3653477,-10.22717,-1.8226551
2021-04-07 17:28:51,0.9128479,-9.282777,-2.0403564
2021-04-07 17:28:51,-1.8283459,-8.514691,-2.2933187
2021-04-07 17:28:51,-0.15879332,-9.216854,-3.02921
2021-04-07 17:28:51,-0.5665996,-10.213372,-0.36160508
2021-04-07 17:28:52,-0.4960766,-8.211135,-2.5064209
2021-04-07 17:28:52,-2.5841675,-9.477482,-4.0241957
2021-04-07 17:28:52,0.6690841,-9.270511,-1.7000068
2021-04-07 17:28:52,-0.60646033,-9.097271,-1.6126198
2021-04-07 17:28:52,-0.32590184,-8.641938,-3.1533918
2021-04-07 17:28:53,0.47897896,-10.041664,-0.9181227
2021-04-07 17:28:53,-1.3530831,-9.330303,-1.1894826
2021-04-07 17:28:53,-2.5136445,-8.048627,-3.530536
2021-04-07 17:28:53,-1.6152444,-9.92515,-2.0280917
2021-04-07 17:28:53,1.0707579,-9.722778,-1.9974298
2021-04-07 17:28:54,-1.3837453,-8.329185,-2.3301132
2021-04-07 17:28:54,-0.9100153,-9.216854,-2.912694
2021-04-07 17:28:54,-0.30443847,-10.539925,-0.033520322
2021-04-07 17:28:54,-0.15112773,-8.054758,-2.2289283
2021-04-07 17:28:54,-2.8677924,-9.172395,-4.1499104
2021-04-07 17:28:55,0.25361228,-10.044731,-1.6831429
2021-04-07 17:28:55,-0.22318369,-8.640406,-1.7276027
2021-04-07 17:28:55,-0.5849967,-8.666468,-3.0046802
2021-04-07 17:28:55,0.0021828366,-10.627312,-1.0392383
2021-04-07 17:28:55,-1.6321082,-8.58368,-1.123559
2021-04-07 17:28:56,-2.4707174,-8.20807,-3.8356237
2021-04-07 17:28:56,-1.1629778,-10.585918,-1.7199368
2021-04-07 17:28:56,0.85152376,-9.000687,-2.300985
2021-04-07 17:28:56,-1.4711322,-8.505492,-2.6459336
2021-04-07 17:28:57,-0.20631954,-8.585215,-2.8667011
2021-04-07 17:28:57,-1.0265315,-10.795955,-0.73874927
2021-04-07 17:28:57,-0.47001386,-7.9873023,-2.3163154
2021-04-07 17:28:57,-2.2208211,-9.984939,-3.7727668
2021-04-07 17:28:57,0.87911963,-8.931695,-1.6662785
2021-04-07 17:28:58,-1.2151035,-9.293509,-1.6846757
2021-04-07 17:28:58,-0.46694756,-8.585215,-2.897363
2021-04-07 17:28:58,-0.31976938,-11.018252,-0.6758919
2021-04-07 17:28:58,-0.66625154,-8.205003,-1.7996588
2021-04-07 17:28:58,-2.7865374,-8.476364,-4.037994
2021-04-07 17:28:59,-0.21705128,-10.354419,-1.5206333
2021-04-07 17:28:59,0.40385666,-8.733924,-2.0173597
2021-04-07 17:28:59,-1.2335007,-8.589812,-2.7885125
2021-04-07 17:28:59,0.3164697,-9.607796,-1.8257216
2021-04-07 17:28:59,-2.0092525,-9.690583,-1.270737
2021-04-07 17:29:00,-1.5263242,-8.212669,-3.4416153
2021-04-07 17:29:00,-1.788485,-9.839295,-3.0123453
2021-04-07 17:29:00,0.9113149,-9.238317,-1.4056505
2021-04-07 17:29:00,-1.1507131,-9.019083,-1.8057911
2021-04-07 17:29:00,-0.7674366,-8.779918,-3.1702561
2021-04-07 17:29:01,0.21068539,-10.6150465,-0.9748476
2021-04-07 17:29:01,-1.2687621,-8.464099,-1.7076726
2021-04-07 17:29:01,-2.5443068,-8.549953,-3.9168787
2021-04-07 17:29:01,0.4253202,-10.372816,-2.1706703
2021-04-07 17:29:01,-0.37189502,-8.473297,-1.7337352
2021-04-07 17:29:02,-0.45008343,-8.684866,-3.2024512
2021-04-07 17:29:02,0.47591278,-10.237903,-1.4608423
2021-04-07 17:29:02,-1.932597,-9.100336,-1.1695521
2021-04-07 17:29:02,-1.886604,-8.145212,-3.6731145
2021-04-07 17:29:02,-1.2626299,-10.225637,-1.9468372
2021-04-07 17:29:03,0.50964105,-9.1279335,-2.0250251
2021-04-07 17:29:03,-1.3132224,-8.484029,-2.639801
2021-04-07 17:29:03,0.16622528,-8.848908,-2.4466295
2021-04-07 17:29:03,-1.1691102,-10.555256,-1.1419561
2021-04-07 17:29:03,-1.1599116,-7.91678,-2.937224
2021-04-07 17:29:04,-2.0981722,-9.925148,-2.8529024
2021-04-07 17:29:04,0.56636596,-9.298108,-1.6540139
2021-04-07 17:29:04,-1.0418625,-9.175461,-1.8686485
2021-04-07 17:29:04,-0.7858337,-8.749256,-2.9954815
2021-04-07 17:29:04,-0.6401886,-10.700901,0.06919777
2021-04-07 17:29:05,-0.10206835,-8.090019,-2.3577094
2021-04-07 17:29:05,-2.8248653,-9.489745,-3.9107466
2021-04-07 17:29:05,0.7917326,-9.515809,-1.5911561
2021-04-07 17:29:05,-0.44855037,-8.95776,-1.586557
2021-04-07 17:29:05,-0.3259018,-8.723193,-3.1058655
2021-04-07 17:29:06,0.15549354,-10.217971,-0.8690633
2021-04-07 17:29:06,-1.8651402,-9.075808,-1.2247437
2021-04-07 17:29:06,-2.0537126,-7.987302,-3.743637
2021-04-07 17:29:06,-1.1108522,-10.875674,-1.5911565
2021-04-07 17:29:06,1.0600262,-9.138665,-2.192134
2021-04-07 17:29:07,-1.4987282,-8.453367,-2.2427263
2021-04-07 17:29:07,-0.68924814,-8.962359,-3.0614057
2021-04-07 17:29:07,-0.5543348,-10.789821,-0.4505252
2021-04-07 17:29:07,0.22908263,-7.807928,-2.320915
2021-04-07 17:29:07,-2.8248649,-9.134066,-4.402873
2021-04-07 17:29:08,0.72274286,-10.418809,-1.0116421
2021-04-07 17:29:08,-0.52827185,-8.304654,-1.9253736
2021-04-07 17:29:08,-0.6647183,-8.901033,-3.1411266
2021-04-07 17:29:08,0.49584308,-10.109122,-1.1649528
2021-04-07 17:29:08,-2.1778939,-9.069675,-1.0254401
2021-04-07 17:29:09,-2.0966396,-8.116083,-3.8754847
2021-04-07 17:29:09,-1.078657,-10.190376,-1.8287878
2021-04-07 17:29:09,0.6782828,-9.324169,-2.0802174
2021-04-07 17:29:09,-1.4726654,-8.48403,-2.437431
2021-04-07 17:29:09,-0.36882886,-8.713995,-2.929558
2021-04-07 17:29:10,-0.93607813,-10.668705,-0.93038756
2021-04-07 17:29:10,-0.4654145,-7.982703,-2.4634938
2021-04-07 17:29:10,-2.0353155,-9.814765,-3.6639154
2021-04-07 17:29:10,0.61695856,-9.350234,-1.63255
2021-04-07 17:29:10,-0.6585859,-9.233718,-1.6080207
2021-04-07 17:29:11,-0.6386556,-8.744657,-3.0414748
2021-04-07 17:29:11,0.43451884,-10.061595,-0.94878495
2021-04-07 17:29:11,-1.655105,-9.02675,-1.2646047
2021-04-07 17:29:11,-2.289811,-8.155944,-3.7819657
2021-04-07 17:29:11,-1.4726654,-10.156647,-1.7030731
2021-04-07 17:29:12,1.4341043,-9.471349,-1.9652344
2021-04-07 17:29:12,-2.1104374,-8.6726,-2.265723
2021-04-07 17:29:12,-0.30290526,-8.81058,-3.1763883
2021-04-07 17:29:12,-0.8210951,-10.799019,-0.1929634
2021-04-07 17:29:12,-0.065273784,-8.10995,-2.2825873
2021-04-07 17:29:13,-3.1560163,-8.856573,-4.2051024
2021-04-07 17:29:13,0.38392636,-10.202641,-1.1925488
2021-04-07 17:29:13,0.13249685,-8.723193,-1.7444667
2021-04-07 17:29:13,-0.9299456,-8.654204,-2.874366
2021-04-07 17:29:13,0.060440943,-9.334903,-1.922307
2021-04-07 17:29:14,-1.8099487,-9.922081,-1.1802839
2021-04-07 17:29:14,-1.1859745,-8.060891,-3.1135309
2021-04-07 17:29:14,-1.8820047,-10.093791,-2.9188263
2021-04-07 17:29:14,1.2746611,-9.422289,-1.5666265
2021-04-07 17:29:14,-1.4190067,-9.147863,-1.7214702
2021-04-07 17:29:15,-0.3366336,-8.436502,-3.1809876
2021-04-07 17:29:15,0.27814198,-10.495462,-1.0714333
2021-04-07 17:29:15,-2.0031202,-8.865771,-1.6356162
2021-04-07 17:29:15,-1.7102968,-8.168209,-3.7742994
2021-04-07 17:29:15,-1.4665327,-10.09839,-2.2013328
2021-04-07 17:29:16,1.3421178,-9.30424,-2.034224
2021-04-07 17:29:16,-2.0414476,-8.6833315,-2.3515768
2021-04-07 17:29:16,-0.25997832,-8.966958,-2.9571536
2021-04-07 17:29:16,-1.0878558,-10.938533,0.16578348
2021-04-07 17:29:16,0.06350714,-7.9382434,-2.423633
2021-04-07 17:29:17,-3.0824273,-9.086538,-4.174441
2021-04-07 17:29:17,0.8913845,-10.470935,-1.3335946
2021-04-07 17:29:17,-0.33510047,-8.359847,-2.051088
2021-04-07 17:29:17,-0.78123456,-8.775318,-2.8958294
2021-04-07 17:29:17,0.043576755,-9.1310005,-1.871715
2021-04-07 17:29:18,-1.659704,-10.242501,-1.2232107
2021-04-07 17:29:18,-1.3070898,-7.967372,-3.2147155
2021-04-07 17:29:18,-2.1227021,-9.998738,-2.8912308
2021-04-07 17:29:18,1.0814898,-9.304241,-1.8778473
2021-04-07 17:29:18,-1.4787979,-9.012951,-1.8533173
2021-04-07 17:29:19,-0.50834155,-8.778385,-3.1809878
2021-04-07 17:29:19,0.25821167,-9.935881,-1.2738034
2021-04-07 17:29:19,-1.4941288,-9.226052,-1.241608
2021-04-07 17:29:19,-1.7179625,-8.24793,-3.5428002
2021-04-07 17:29:19,-1.3576825,-9.698248,-2.4972222
2021-04-07 17:29:20,0.9787719,-9.649189,-1.8732479
2021-04-07 17:29:20,-1.6336414,-8.669535,-2.1906006
2021-04-07 17:29:20,-0.42555383,-8.690997,-3.1533918
2021-04-07 17:29:20,-1.5569861,-10.973793,0.037002545
2021-04-07 17:29:20,0.3685954,-8.004167,-2.5447485
2021-04-07 17:29:21,-3.1989431,-9.011417,-3.910746
2021-04-07 17:29:21,0.3915919,-10.248632,-1.5589609
2021-04-07 17:29:21,-0.17259121,-8.661869,-2.0403564
2021-04-07 17:29:21,-0.98513746,-8.763052,-2.7409863
2021-04-07 17:29:21,-0.6371224,-8.902566,-2.1461408
2021-04-07 17:29:22,-1.1737095,-10.15818,-1.111294
2021-04-07 17:29:22,-1.0127336,-8.07469,-3.0506735
2021-04-07 17:29:22,-2.2484167,-9.988006,-3.2929037
2021-04-07 17:29:22,0.46211475,-9.063543,-1.601888
2021-04-07 17:29:22,-0.69691354,-9.3487,-1.6831427
2021-04-07 17:29:23,-0.7245094,-8.600545,-3.0414746
2021-04-07 17:29:23,0.09723546,-10.556788,-0.8675302
2021-04-07 17:29:23,-1.195173,-8.559151,-1.5359645
2021-04-07 17:29:23,-2.864726,-8.290857,-3.6700482
2021-04-07 17:29:23,-0.20478642,-10.684035,-1.9069763
2021-04-07 17:29:24,0.1340301,-8.793716,-2.28412
2021-04-07 17:29:24,-0.9836046,-8.461031,-2.6980588
2021-04-07 17:29:24,-0.1572602,-8.747722,-2.4926226
2021-04-07 17:29:24,-1.5201916,-10.693234,-0.9027916
2021-04-07 17:29:24,-0.37649432,-8.047092,-2.8774323
2021-04-07 17:29:25,-2.3112743,-9.974208,-3.417086
2021-04-07 17:29:25,0.7626036,-8.979221,-1.716871
2021-04-07 17:29:25,-0.8026979,-9.383963,-1.5512955
2021-04-07 17:29:25,-0.70304596,-8.51929,-3.233113
2021-04-07 17:29:25,0.4130553,-10.51846,-1.0009104
2021-04-07 17:29:26,-1.7869523,-8.905633,-1.4516435
2021-04-07 17:29:26,-2.3511353,-8.154411,-3.6623826
2021-04-07 17:29:26,-0.8824193,-10.53226,-1.7751292
2021-04-07 17:29:26,0.6982132,-8.720127,-2.0480218
2021-04-07 17:29:26,-1.1415143,-8.629674,-2.4558282
2021-04-07 17:29:27,0.19075501,-8.859638,-2.317849
2021-04-07 17:29:27,-1.2503647,-10.697833,-0.893593
2021-04-07 17:29:27,-0.61565894,-8.021031,-2.9218924
2021-04-07 17:29:27,-2.1855593,-9.86229,-3.346563
2021-04-07 17:29:28,0.24901299,-9.158595,-1.5926895
2021-04-07 17:29:28,-0.37189507,-9.040545,-1.7643973
2021-04-07 17:29:28,-1.1001207,-8.830509,-3.0767362
2021-04-07 17:29:28,-0.6493873,-10.679438,-0.22055934
2021-04-07 17:29:28,-0.41788822,-8.269394,-2.0035617
2021-04-07 17:29:29,-3.0931585,-9.311908,-3.9797366
2021-04-07 17:29:29,1.0891553,-9.784102,-1.2738034
2021-04-07 17:29:29,-0.61412585,-8.735458,-1.6816095
2021-04-07 17:29:29,-0.63712245,-8.6894655,-3.2116494
2021-04-07 17:29:29,0.36399606,-10.313024,-0.88286126
2021-04-07 17:29:30,-1.7670217,-8.851974,-1.240075
2021-04-07 17:29:30,-2.1119707,-8.542287,-3.5826612
2021-04-07 17:29:30,-1.6275089,-9.5955305,-2.4941554
2021-04-07 17:29:30,1.0308973,-9.788702,-1.8379861
2021-04-07 17:29:30,-1.7087637,-8.428837,-2.3868384
2021-04-07 17:29:31,-0.7551716,-9.232183,-2.9755514
2021-04-07 17:29:31,-0.442418,-10.3130245,-0.14390402
2021-04-07 17:29:31,-0.21551819,-8.316919,-2.1553392
2021-04-07 17:29:31,-2.7773383,-9.086538,-4.1407123
2021-04-07 17:29:31,0.65988547,-10.064662,-1.4332463
2021-04-07 17:29:32,-0.6340562,-8.603612,-1.7536654
2021-04-07 17:29:32,-0.53900355,-8.651137,-3.082869
2021-04-07 17:29:32,0.7074118,-10.303827,-1.4700409
2021-04-07 17:29:32,-1.6167772,-8.72166,-1.2324095
2021-04-07 17:29:32,-2.5489058,-8.382844,-3.5627308
2021-04-07 17:29:33,-1.468066,-10.418809,-1.67701
2021-04-07 17:29:33,0.9711062,-9.161661,-2.465027
2021-04-07 17:29:33,-1.405209,-8.203469,-2.7425187
2021-04-07 17:29:33,-0.3918254,-9.039013,-2.5432153
2021-04-07 17:29:33,-1.1967062,-10.486267,-0.6590277
2021-04-07 17:29:34,-0.3826268,-8.0532255,-2.771648
2021-04-07 17:29:34,-2.1778944,-9.917483,-3.5305362
2021-04-07 17:29:34,0.43605202,-9.1539955,-1.5221666
2021-04-07 17:29:34,-0.7030461,-9.189257,-1.6800765
2021-04-07 17:29:34,-0.54973525,-8.476363,-3.4232187
2021-04-07 17:29:35,-0.39335862,-11.130171,-0.91812265
2021-04-07 17:29:35,-1.0280646,-7.9919014,-1.5926895
2021-04-07 17:29:35,-2.932183,-8.611276,-3.8540204
2021-04-07 17:29:35,-0.13426353,-10.467869,-1.8057915
2021-04-07 17:29:35,0.39159188,-8.718594,-2.2028658
2021-04-07 17:29:36,-1.1737095,-8.605144,-2.1982665
2021-04-07 17:29:36,-0.3029053,-9.207656,-2.4512289
2021-04-07 17:29:36,-0.88855195,-10.369751,-0.2788174
2021-04-07 17:29:36,-0.054542027,-8.117615,-2.5616126
2021-04-07 17:29:36,-2.4093933,-9.892953,-3.8064945
2021-04-07 17:29:37,0.6690842,-9.265912,-1.5911565
2021-04-07 17:29:37,-0.52060634,-8.985353,-1.6724108
2021-04-07 17:29:37,-0.47154695,-8.545354,-3.366493
2021-04-07 17:29:37,0.26434413,-10.986058,-1.0269734
2021-04-07 17:29:37,-1.9816567,-8.162076,-1.3167304
2021-04-07 17:29:38,-2.20549,-8.537688,-3.936809
2021-04-07 17:29:38,-1.1185179,-9.931282,-2.235061
2021-04-07 17:29:38,0.7564711,-9.23525,-1.6923414
2021-04-07 17:29:38,-1.2105043,-8.626608,-2.2549915
2021-04-07 17:29:38,-0.33969983,-8.954693,-2.6183376
2021-04-07 17:29:39,-1.0878558,-10.486264,-0.5471109
2021-04-07 17:29:39,-0.20631959,-8.186605,-2.6214037
2021-04-07 17:29:39,-2.5872338,-9.886822,-3.9920003
2021-04-07 17:29:39,0.9803047,-9.454486,-1.1787506
2021-04-07 17:29:39,-0.5482023,-8.819778,-1.6770102
2021-04-07 17:29:40,-0.81496274,-9.054344,-3.0046804
2021-04-07 17:29:40,0.07270574,-9.298108,-1.5589614
2021-04-07 17:29:40,-1.2304347,-9.39316,-1.2860681
2021-04-07 17:29:40,-1.483397,-8.370579,-3.338897
2021-04-07 17:29:40,-1.7317599,-9.905219,-2.5416822
2021-04-07 17:29:41,1.0186324,-9.410025,-1.7827948
2021-04-07 17:29:41,-1.7302274,-8.4947605,-2.3669078
2021-04-07 17:29:41,-0.12659803,-8.789118,-2.8375716
2021-04-07 17:29:41,-1.353083,-10.840412,-0.8705964
2021-04-07 17:29:41,-0.10820078,-8.140613,-2.5186853
2021-04-07 17:29:42,-2.7160141,-9.498944,-4.0027328
2021-04-07 17:29:42,0.85612303,-9.436087,-1.497637
2021-04-07 17:29:42,-0.6662514,-8.996087,-1.732202
2021-04-07 17:29:42,-1.1445805,-8.324586,-3.3143678
2021-04-07 17:29:42,0.049709205,-11.036651,-1.2600055
2021-04-07 17:29:43,-1.469599,-8.37671,-1.2584723
2021-04-07 17:29:43,-2.1104374,-8.559151,-3.5995255
2021-04-07 17:29:43,-0.74903905,-9.822431,-2.5125535
2021-04-07 17:29:43,0.47744584,-9.209188,-1.8502512
2021-04-07 17:29:43,-1.2304347,-8.260195,-2.557013
2021-04-07 17:29:44,-0.18485606,-9.339503,-2.3914378
2021-04-07 17:29:44,-1.1169846,-10.214906,-0.88746053
2021-04-07 17:29:44,-0.4056234,-8.448767,-2.380706
2021-04-07 17:29:44,-2.0705767,-9.616994,-3.4998736
2021-04-07 17:29:44,0.5464356,-9.341035,-1.5635604
2021-04-07 17:29:45,-0.50220907,-9.135599,-1.6110867
2021-04-07 17:29:45,-0.9084824,-8.557618,-3.1901865
2021-04-07 17:29:45,0.14782809,-10.996792,-0.91965574
2021-04-07 17:29:45,-1.4266721,-8.280125,-1.3872532
2021-04-07 17:29:45,-2.2913442,-8.727793,-3.5351353
2021-04-07 17:29:46,-0.39642474,-9.834695,-2.3791728
2021-04-07 17:29:46,0.40845603,-9.117202,-1.6494145
2021-04-07 17:29:46,-1.9985209,-8.477896,-2.765516
2021-04-07 17:29:46,0.811663,-8.8259115,-2.1231441
2021-04-07 17:29:46,-1.3730136,-10.779089,-1.1588203
2021-04-07 17:29:47,-1.0449288,-8.1084175,-3.1303952
2021-04-07 17:29:47,-1.9050012,-9.739644,-3.2300463
2021-04-07 17:29:47,0.118699014,-9.115668,-1.643282
2021-04-07 17:29:47,-0.7199102,-9.206121,-1.713805
2021-04-07 17:29:47,-0.4853449,-8.459499,-3.1150641
2021-04-07 17:29:48,-0.8839525,-11.349404,-0.36160508
2021-04-07 17:29:48,-0.14039592,-7.8355236,-2.0664191
2021-04-07 17:29:48,-3.218873,-8.922498,-4.059458
2021-04-07 17:29:48,0.60316056,-10.46327,-1.5405637
2021-04-07 17:29:48,0.020580178,-8.503959,-2.069486
2021-04-07 17:29:49,-0.8456249,-8.655736,-2.507954
2021-04-07 17:29:49,-0.4930105,-8.87957,-2.553947
2021-04-07 17:29:49,-0.79963166,-10.493931,-0.7142195
2021-04-07 17:29:49,-1.0617929,-8.065491,-2.8452375
2021-04-07 17:29:49,-1.7654886,-9.919016,-3.3680267
2021-04-07 17:29:50,0.7196767,-9.138664,-2.1783361
2021-04-07 17:29:50,-1.1016536,-9.201522,-1.9345721
2021-04-07 17:29:50,-0.6248576,-8.643472,-3.185587
2021-04-07 17:29:50,-0.5727319,-10.978393,-0.025854817
2021-04-07 17:29:50,-0.32436877,-8.083888,-2.005095
2021-04-07 17:29:51,-3.3798492,-8.641939,-3.7880971
2021-04-07 17:29:51,-0.18945533,-10.72083,-1.5804247
2021-04-07 17:29:51,0.48204514,-8.438036,-1.7459998
2021-04-07 17:29:51,-0.99740237,-8.413506,-3.2039838
2021-04-07 17:29:51,0.29347304,-11.067312,-0.96564883
2021-04-07 17:29:52,-1.7854185,-8.502426,-1.171085
2021-04-07 17:29:52,-2.4400551,-8.270926,-3.763568
2021-04-07 17:29:52,-0.8118965,-9.860758,-1.8364534
2021-04-07 17:29:52,1.142814,-9.718179,-1.5083687
2021-04-07 17:29:52,-2.1058383,-8.562217,-2.392971
2021-04-07 17:29:53,-0.23238239,-9.229118,-2.6689298
2021-04-07 17:29:53,-0.5328712,-10.618113,0.15505171
2021-04-07 17:29:53,-0.16032639,-8.082355,-2.4006362
2021-04-07 17:29:53,-3.2970617,-8.609744,-4.151444
2021-04-07 17:29:53,-0.06834006,-10.665638,-1.6187521
2021-04-07 17:29:54,0.44065124,-8.3552475,-1.8579167
2021-04-07 17:29:54,-0.9958692,-8.996086,-2.5999403
2021-04-07 17:29:54,-0.31976944,-8.830511,-2.2595904
2021-04-07 17:29:54,-0.9146146,-10.6150465,-0.461257
2021-04-07 17:29:54,-0.69538045,-8.057825,-2.8222406
2021-04-07 17:29:55,-2.1426327,-9.7871685,-3.7513032
2021-04-07 17:29:55,0.49431002,-9.160129,-1.4792395
2021-04-07 17:29:55,-0.47614625,-9.1049385,-1.6923413
2021-04-07 17:29:55,-0.50220907,-8.545353,-3.171789
2021-04-07 17:29:55,0.3655291,-10.697834,-0.9227221
2021-04-07 17:29:56,-1.9785904,-8.865772,-1.3535248
2021-04-07 17:29:56,-2.165629,-7.953574,-3.9076803
2021-04-07 17:29:56,-1.0878558,-9.943545,-2.1997995
2021-04-07 17:29:56,0.8499908,-9.571001,-1.8395196
2021-04-07 17:29:56,-1.3576825,-8.856573,-2.021959
2021-04-07 17:29:57,-0.6907811,-8.7967825,-2.8759
2021-04-07 17:29:57,0.19075494,-10.786756,-0.43826047
2021-04-07 17:29:57,-0.93761116,-8.382843,-1.8977777
2021-04-07 17:29:57,-2.6884186,-8.079289,-4.004266
2021-04-07 17:29:57,-0.6187251,-10.662573,-1.8870457
2021-04-07 17:29:58,0.89751685,-8.802915,-1.7613312
2021-04-07 17:29:58,-1.2810271,-8.779919,-2.0004954
2021-04-07 17:29:58,-0.10973382,-8.853506,-2.8605685
2021-04-07 17:29:58,-0.7674364,-10.863408,-0.1469702
2021-04-07 17:29:59,-0.21705128,-7.8585205,-2.6581984
2021-04-07 17:29:59,-3.1253533,-9.684451,-4.2434297
2021-04-07 17:29:59,0.9235798,-9.69365,-1.5083685
2021-04-07 17:29:59,-0.3580971,-8.787583,-1.7935262
2021-04-07 17:29:59,-0.41788828,-9.192323,-2.366908
2021-04-07 17:30:00,-1.5508536,-8.741591,-2.7639823
2021-04-07 17:30:00,0.09876868,-10.668706,-0.38306862
2021-04-07 17:30:00,-0.13426356,-7.7910643,-2.8697672
2021-04-07 17:30:00,-2.4431217,-9.770304,-3.7712333
2021-04-07 17:30:00,0.26587713,-8.951626,-2.1108794
2021-04-07 17:30:01,-0.5773313,-9.388561,-1.6570799
2021-04-07 17:30:01,-0.5405367,-8.634272,-2.9786177
2021-04-07 17:30:01,-0.51294076,-10.901738,0.0140059665
2021-04-07 17:30:01,-0.96674037,-8.42577,-1.4869051
2021-04-07 17:30:01,-2.4415884,-8.162076,-3.9061465
2021-04-07 17:30:02,0.075772,-10.72543,-1.6494144
2021-04-07 17:30:02,0.7626036,-8.761521,-1.5436299
2021-04-07 17:30:02,-0.9698064,-8.911766,-2.1630046
2021-04-07 17:30:02,-0.0438103,-9.166262,-1.8778474
2021-04-07 17:30:02,-0.68158233,-10.605847,-0.8613977
2021-04-07 17:30:03,-0.51754016,-7.784933,-2.1476738
2021-04-07 17:30:03,-2.0935736,-9.894486,-3.775833
2021-04-07 17:30:03,0.8392589,-9.784102,-1.2124791
2021-04-07 17:30:03,-0.52673876,-8.664935,-1.600355
2021-04-07 17:30:03,-0.27990863,-9.204589,-2.9663525
2021-04-07 17:30:04,0.24441367,-10.360551,-0.6452297
2021-04-07 17:30:04,-1.1461139,-8.867306,-1.2983332
2021-04-07 17:30:04,-2.0077193,-11.314142,-3.3480957
2021-04-07 17:30:04,-7.3674583,-7.0337105,-3.5397346
2021-04-07 17:30:04,-12.681204,-3.5566251,-4.080921
2021-04-07 17:30:05,-6.1271763,-1.6310436,2.367324
2021-04-07 17:30:05,1.329853,2.721445,9.346023
2021-04-07 17:30:05,2.4183583,4.493716,9.083861
2021-04-07 17:30:05,1.1612113,3.8789408,8.266717
2021-04-07 17:30:05,0.37626085,5.292464,8.14407
