2021-04-07 17:30:02,3.3735332,0.6560313,8.083072
2021-04-07 17:30:02,3.9984388,1.1540405,7.2546525
2021-04-07 17:30:02,5.8013277,2.832427,7.345635
2021-04-07 17:30:02,5.810905,2.935381,7.520417
2021-04-07 17:30:02,2.1668186,1.8148603,5.9449844
2021-04-07 17:30:02,1.201926,-1.4964218,5.157268
2021-04-07 17:30:02,3.9074564,-1.4557191,7.2762012
2021-04-07 17:30:02,4.8843207,-0.08619389,8.379962
2021-04-07 17:30:02,2.9760835,-0.6392714,9.107821
2021-04-07 17:30:02,4.3168774,-1.2809371,8.150111
2021-04-07 17:30:02,4.745453,-0.38787252,6.9457912
2021-04-07 17:30:02,5.1093826,-2.0949905,7.290567
2021-04-07 17:30:02,4.4222255,-2.925804,7.1756415
2021-04-07 17:30:02,4.865166,-2.3463893,7.455772
2021-04-07 17:30:02,6.924243,-2.3751206,7.467743
2021-04-07 17:30:02,9.545974,-3.1269228,5.6361227
2021-04-07 17:30:02,11.217177,-6.2059603,8.226728
2021-04-07 17:30:02,11.119012,-5.643306,8.27222
2021-04-07 17:30:02,12.071934,-5.0998054,6.8500204
2021-04-07 17:30:02,14.226781,-5.643306,4.8124924
2021-04-07 17:30:02,15.795031,-5.279376,4.869955
2021-04-07 17:30:02,14.44466,-5.856396,5.751048
2021-04-07 17:30:02,10.094262,-6.368771,6.284971
2021-04-07 17:30:02,9.747093,-5.9808984,5.6409116
2021-04-07 17:30:02,9.347249,-4.783761,6.1461034
2021-04-07 17:30:02,7.656891,-4.5850363,6.2490573
2021-04-07 17:30:02,6.897906,-3.991256,5.604997
2021-04-07 17:30:02,6.5603127,-4.5084195,3.799714
2021-04-07 17:30:02,6.943397,-4.6137676,4.72151
2021-04-07 17:30:02,6.8428373,-4.5491223,4.0151987
2021-04-07 17:30:02,6.651295,-4.556305,3.9266107
2021-04-07 17:30:02,6.4980617,-5.5547175,3.318465
2021-04-07 17:30:02,7.4414062,-6.016813,2.1883671
2021-04-07 17:30:02,8.236305,-5.2674046,1.4126221
2021-04-07 17:30:02,8.681641,-4.757424,0.7110996
2021-04-07 17:30:03,9.364009,-4.3216662,-0.5961744
2021-04-07 17:30:03,9.124581,-3.5315554,0.1699935
2021-04-07 17:30:03,9.253872,-3.162837,0.25379312
2021-04-07 17:30:03,8.396722,-3.3735332,0.15323359
2021-04-07 17:30:03,7.5084457,-3.0910087,0.46209505
2021-04-07 17:30:03,6.2490573,-2.3775148,4.5874305
2021-04-07 17:30:03,7.491686,-1.5275474,4.2809634
2021-04-07 17:30:03,8.959376,-2.0806248,1.2354459
2021-04-07 17:30:03,9.433443,-1.838803,0.5985687
2021-04-07 17:30:03,9.5483675,-1.446142,1.9537282
2021-04-07 17:30:03,9.507666,-1.9178141,3.284945
2021-04-07 17:30:03,9.12937,-1.7669748,2.5618742
2021-04-07 17:30:03,9.395134,-1.9992194,1.4557191
2021-04-07 17:30:03,8.9976845,-3.1556542,1.7981004
2021-04-07 17:30:03,7.6975937,-3.5483153,1.7047237
2021-04-07 17:30:03,7.3169036,-2.3416007,2.0949905
2021-04-07 17:30:03,10.5395975,-0.18675344,3.4190245
2021-04-07 17:30:03,12.09827,0.15802214,2.2745612
2021-04-07 17:30:03,11.583502,-0.97446984,1.611347
2021-04-07 17:30:03,11.913912,-1.5490957,0.88109314
2021-04-07 17:30:03,11.710398,-2.9832664,-0.22506183
2021-04-07 17:30:03,10.721562,-2.7222905,-0.1987248
2021-04-07 17:30:03,11.889969,-4.4725056,0.7733508
2021-04-07 17:30:03,9.565128,-0.818842,-0.90024734
2021-04-07 17:30:03,6.1915946,-0.5913859,-1.6281068
2021-04-07 17:30:03,7.046351,-1.3671309,-2.8443985
2021-04-07 17:30:03,7.726325,-2.248224,-3.057489
2021-04-07 17:30:03,12.80937,-1.812466,-1.8076775
2021-04-07 17:30:03,11.63857,-1.4964218,1.4198049
2021-04-07 17:30:03,7.573091,-1.2210802,4.067873
2021-04-07 17:30:03,6.196383,-1.4293821,3.0910087
2021-04-07 17:30:03,7.0343795,-3.6895776,-0.11971374
2021-04-07 17:30:03,10.45101,-4.199558,0.3902668
2021-04-07 17:30:03,10.185245,-3.347196,2.4373717
2021-04-07 17:30:03,8.801354,-2.6767993,3.991256
2021-04-07 17:30:03,8.2578535,-3.4357843,3.4908526
2021-04-07 17:30:03,9.859624,-3.8811195,0.7972935
2021-04-07 17:30:03,11.265063,-1.1205206,-3.7207031
2021-04-07 17:30:03,9.337671,-5.5355635,2.343995
2021-04-07 17:30:03,7.7933645,-2.2075214,1.8938714
2021-04-07 17:30:03,5.7893567,-3.6823947,2.2099156
2021-04-07 17:30:03,8.020821,-2.9928436,2.4014575
2021-04-07 17:30:03,9.210775,-2.7486274,3.5243726
2021-04-07 17:30:03,8.894731,-3.4716985,2.1380875
2021-04-07 17:30:03,8.7534685,-5.2075477,0.7877164
2021-04-07 17:30:03,9.696813,-4.470111,0.35435268
2021-04-07 17:30:03,9.799767,-3.9002736,-0.16520496
2021-04-07 17:30:03,9.1628895,-4.45814,1.4557191
2021-04-07 17:30:03,7.0367737,-4.3264546,3.3232534
2021-04-07 17:30:03,7.0080423,-7.6066113,1.1420691
2021-04-07 17:30:03,9.73991,-10.716774,2.6887705
2021-04-07 17:30:03,6.6872096,-4.415043,5.9713216
2021-04-07 17:30:03,5.2578273,-3.8045027,-0.38068968
2021-04-07 17:30:03,9.593859,-7.240287,-5.4302154
2021-04-07 17:30:04,7.640131,-10.891556,0.84278476
2021-04-07 17:30:04,8.013638,-14.521276,3.407053
2021-04-07 17:30:04,8.897125,-13.204426,2.865947
2021-04-07 17:30:04,5.5571117,-11.758284,-1.1540405
2021-04-07 17:30:04,3.756617,-9.28021,-1.5299416
2021-04-07 17:30:04,3.9601305,-5.2314906,-2.0949905
2021-04-07 17:30:04,4.130124,-4.965726,0.66800267
2021-04-07 17:30:04,4.3623686,-7.5515428,3.5985951
2021-04-07 17:30:04,6.2753944,-8.755863,2.4708917
2021-04-07 17:30:04,6.55313,-13.187666,1.8364087
2021-04-07 17:30:04,6.8428373,-12.795005,1.7047237
2021-04-07 17:30:04,7.5299945,-8.389539,2.2242813
2021-04-07 17:30:04,4.678413,-6.23948,1.2138973
2021-04-07 17:30:04,3.1987512,-5.956956,-0.17717634
2021-04-07 17:30:04,3.162837,-5.6768255,0.74701375
2021-04-07 17:30:04,2.6289136,-5.8420305,0.40463245
2021-04-07 17:30:04,2.456526,-6.098218,0.69194543
2021-04-07 17:30:04,2.762993,-5.5355635,1.3623424
2021-04-07 17:30:04,2.9856608,-5.6600657,2.238647
2021-04-07 17:30:04,3.7063375,-6.117372,2.8372157
2021-04-07 17:30:04,4.0391417,-7.1133904,2.7318676
2021-04-07 17:30:04,4.338426,-8.664881,3.9673133
2021-04-07 17:30:04,5.854002,-9.794978,7.755056
2021-04-07 17:30:04,10.029617,-10.946625,7.1493044
2021-04-07 17:30:04,6.8883286,-8.250671,6.0096297
2021-04-07 17:30:04,4.6113734,-6.691998,4.304906
2021-04-07 17:30:04,3.8547823,-5.849213,4.1349125
2021-04-07 17:30:04,4.477294,-5.219519,4.783761
2021-04-07 17:30:04,6.028784,-8.243488,4.417437
2021-04-07 17:30:04,8.530801,-10.920287,3.6129606
2021-04-07 17:30:04,3.8978794,-10.956202,2.281744
2021-04-07 17:30:04,4.1947694,-11.578713,0.64166564
2021-04-07 17:30:04,4.2665977,-8.56911,2.5906053
2021-04-07 17:30:04,1.9752767,-9.143736,0.6464542
2021-04-07 17:30:04,2.7246847,-8.672064,-0.99362403
2021-04-07 17:30:04,2.7941186,-7.3815494,-1.462902
2021-04-07 17:30:04,2.597788,-7.702382,-1.1061549
2021-04-07 17:30:04,1.5538844,-8.214757,0.31365
2021-04-07 17:30:04,2.6648278,-7.1493044,-3.9098508
2021-04-07 17:30:04,8.152506,-12.186859,2.7294734
2021-04-07 17:30:04,10.850853,-15.711231,-0.50998056
2021-04-07 17:30:04,10.187639,-6.366377,5.418244
2021-04-07 17:30:04,1.8747171,-10.099051,3.9697077
2021-04-07 17:30:04,-0.9720756,-10.182851,-1.7669748
2021-04-07 17:30:04,-2.6025767,-8.9186735,-4.6640472
2021-04-07 17:30:05,-0.9577099,-7.4988685,0.39505535
2021-04-07 17:30:05,3.2346652,-8.107015,3.0048149
2021-04-07 17:30:05,4.9537544,-8.89952,3.8212626
2021-04-07 17:30:05,4.7765784,-9.2419,1.4676905
2021-04-07 17:30:05,4.0295644,-8.710372,0.7733508
2021-04-07 17:30:05,3.7015488,-9.043176,0.8834874
2021-04-07 17:30:05,3.938582,-8.945011,1.4365649
2021-04-07 17:30:05,3.407053,-9.330489,1.6257126
2021-04-07 17:30:05,2.578634,-9.081485,1.8076775
2021-04-07 17:30:05,2.1045675,-9.067119,1.2258687
2021-04-07 17:30:05,2.6217308,-9.210775,-0.20351335
2021-04-07 17:30:05,4.0319586,-9.3831625,0.20351335
2021-04-07 17:30:05,5.6672482,-8.79896,0.967287
2021-04-07 17:30:05,3.9864676,-10.40073,0.9696813
2021-04-07 17:30:05,2.9952378,-10.142148,1.1468576
2021-04-07 17:30:05,4.304906,-9.840469,1.462902
2021-04-07 17:30:05,6.179623,-9.711179,1.5778271
2021-04-07 17:30:05,5.854002,-9.186832,2.578634
2021-04-07 17:30:05,6.409474,-9.474146,2.7893302
2021-04-07 17:30:05,7.058322,-9.438231,2.3775148
2021-04-07 17:30:05,5.707951,-9.584282,1.7478206
2021-04-07 17:30:05,2.6839821,-9.577099,1.4006507
2021-04-07 17:30:05,0.7039168,-10.96099,1.647261
2021-04-07 17:30:05,0.51955765,-13.218791,0.98404694
2021-04-07 17:30:05,-2.0782306,-17.655382,-2.2242813
2021-04-07 17:30:05,0.26097596,-16.178114,-1.3264283
2021-04-07 17:30:05,1.3407938,-12.704022,-0.6751855
2021-04-07 17:30:05,1.4054393,-11.30816,1.4413534
2021-04-07 17:30:05,1.403045,-10.721562,1.5562786
2021-04-07 17:30:05,4.922629,-9.213169,0.9074302
2021-04-07 17:30:05,3.3256476,-8.487704,1.2785428
2021-04-07 17:30:05,2.1883671,-7.371972,1.6975409
2021-04-07 17:30:05,2.4852571,-6.464542,0.967287
2021-04-07 17:30:05,2.1309047,-5.9234357,0.51716334
2021-04-07 17:30:05,1.1492519,-5.355993,0.7541966
2021-04-07 17:30:05,0.339987,-4.913052,0.31125572
2021-04-07 17:30:05,-0.23224466,-4.515602,0.16041641
2021-04-07 17:30:05,-0.6943397,-4.37434,0.71588814
2021-04-07 17:30:05,0.028731298,-4.580248,1.498816
2021-04-07 17:30:05,0.76616794,-7.407886,2.9425638
2021-04-07 17:30:05,2.7151077,-10.561146,3.562681
2021-04-07 17:30:05,5.7558365,-14.126222,8.176449
2021-04-07 17:30:05,7.1564875,-13.15654,9.25866
2021-04-07 17:30:05,5.6504884,-11.463788,7.56112
2021-04-07 17:30:05,2.4541316,-8.91628,5.418244
2021-04-07 17:30:05,1.6520497,-7.4845033,4.4749
2021-04-07 17:30:05,1.9633054,-6.9457912,5.480495
2021-04-07 17:30:05,3.0718546,-6.7063637,4.8819265
2021-04-07 17:30:05,2.9593236,-7.5659084,4.051113
2021-04-07 17:30:05,3.9697077,-9.897932,3.7302802
2021-04-07 17:30:05,2.135693,-8.470944,2.9928436
2021-04-07 17:30:05,1.4652961,-13.577932,2.2721667
2021-04-07 17:30:05,2.3679378,-15.557998,4.122941
2021-04-07 17:30:05,1.7573977,-13.039221,3.5339496
2021-04-07 17:30:06,-0.76137936,-8.130958,2.0064023
2021-04-07 17:30:06,-1.3216397,-6.4501762,0.84039044
2021-04-07 17:30:06,-0.8284191,-7.022408,-0.85236186
2021-04-07 17:30:06,1.0127783,-7.788576,-0.35435268
2021-04-07 17:30:06,3.9313993,-9.531608,-1.3144568
2021-04-07 17:30:06,5.547535,-10.774237,-2.1548474
2021-04-07 17:30:06,6.3137026,-9.12937,-0.15323359
2021-04-07 17:30:06,5.7127395,-8.346442,1.4341706
2021-04-07 17:30:06,3.9984388,-8.590658,3.6967604
2021-04-07 17:30:06,0.8834874,-9.368797,4.0463243
2021-04-07 17:30:06,-0.083799616,-9.80695,1.9273912
2021-04-07 17:30:06,1.5897985,-9.507666,-1.4317763
2021-04-07 17:30:06,3.2825508,-8.81572,-2.221887
2021-04-07 17:30:06,3.0167863,-8.315316,0.2849187
2021-04-07 17:30:06,1.9800652,-8.605023,1.6807809
2021-04-07 17:30:06,1.6568382,-9.344854,2.3056867
2021-04-07 17:30:06,2.3942747,-9.522031,2.2769554
2021-04-07 17:30:06,2.9329867,-9.318518,1.2402344
2021-04-07 17:30:06,3.2442424,-8.79896,1.2905141
2021-04-07 17:30:06,2.954535,-8.966559,1.5443072
2021-04-07 17:30:06,2.7127132,-9.452597,1.673598
2021-04-07 17:30:06,2.7151077,-9.632168,0.967287
2021-04-07 17:30:06,2.7390504,-9.598648,0.967287
2021-04-07 17:30:06,3.0024207,-9.692024,0.97446984
2021-04-07 17:30:06,3.5507095,-9.038387,0.71828246
2021-04-07 17:30:06,4.2642035,-9.117398,0.86193895
2021-04-07 17:30:06,3.8883023,-9.3831625,0.60335726
2021-04-07 17:30:06,4.338426,-9.354432,0.11013664
2021-04-07 17:30:06,4.0966043,-9.529214,0.80208206
2021-04-07 17:30:06,4.1540666,-9.454991,1.7310607
2021-04-07 17:30:06,5.6552773,-10.225947,1.5012103
2021-04-07 17:30:06,5.973716,-10.029617,1.0223553
2021-04-07 17:30:06,6.2346916,-10.510866,2.004008
2021-04-07 17:30:06,6.4597535,-10.946625,1.6568382
2021-04-07 17:30:06,5.916253,-10.700014,0.90503585
2021-04-07 17:30:06,3.6105664,-9.917087,0.61293435
2021-04-07 17:30:06,0.9529214,-9.912297,0.9433443
2021-04-07 17:30:06,-0.18196489,-11.10704,2.011191
2021-04-07 17:30:06,0.7350424,-11.681666,1.8196489
2021-04-07 17:30:06,1.4150164,-11.657724,0.76616794
2021-04-07 17:30:06,-0.46927786,-13.429487,-1.673598
2021-04-07 17:30:06,-0.50758624,-14.518883,-2.3990633
2021-04-07 17:30:06,1.8292259,-10.61382,0.7015225
2021-04-07 17:30:06,2.4469488,-9.385557,1.175589
2021-04-07 17:30:06,3.222694,-8.954588,2.1452703
2021-04-07 17:30:07,3.8212626,-8.186026,2.0662591
2021-04-07 17:30:07,3.8140798,-7.6544967,1.5227587
2021-04-07 17:30:07,2.6193366,-7.020014,1.3527653
2021-04-07 17:30:07,2.1979442,-6.4166565,1.0247496
2021-04-07 17:30:07,1.9130256,-6.431022,0.8140534
2021-04-07 17:30:07,1.0606637,-6.445388,0.6847626
2021-04-07 17:30:07,0.11971374,-5.9114647,0.4668836
2021-04-07 17:30:07,-0.3040729,-5.540352,0.53392327
2021-04-07 17:30:07,0.038308397,-5.751048,1.4126221
2021-04-07 17:30:07,0.18675344,-7.345635,2.7582045
2021-04-07 17:30:07,1.2330515,-8.875577,3.5243726
2021-04-07 17:30:07,3.840417,-11.300977,6.5627074
2021-04-07 17:30:07,4.68799,-12.433469,8.945011
2021-04-07 17:30:07,5.33205,-10.156514,7.788576
2021-04-07 17:30:07,3.2610023,-9.502876,6.675238
2021-04-07 17:30:07,1.8771114,-8.12138,4.869955
2021-04-07 17:30:07,2.8707354,-8.178843,5.2482505
2021-04-07 17:30:07,3.4477558,-7.8316727,5.3966956
2021-04-07 17:30:07,3.0383348,-6.423839,4.166038
2021-04-07 17:30:07,2.4948344,-5.935407,4.592219
2021-04-07 17:30:07,3.1221344,-7.2785954,5.2147307
2021-04-07 17:30:07,2.8587642,-11.815746,5.418244
2021-04-07 17:30:07,2.1309047,-16.400782,3.2873392
2021-04-07 17:30:07,3.8547823,-17.983398,3.215511
2021-04-07 17:30:07,1.0989721,-11.590684,1.0917894
2021-04-07 17:30:07,-2.49244,-5.664854,2.2985039
2021-04-07 17:30:07,-3.8859081,-7.108602,1.0175668
2021-04-07 17:30:07,-0.53392327,-7.1660647,-1.4150164
2021-04-07 17:30:07,3.5483153,-7.982512,-1.6089526
2021-04-07 17:30:07,8.277008,-10.185245,-3.1053743
2021-04-07 17:30:07,7.0176196,-9.340066,-1.297697
2021-04-07 17:30:07,3.981679,-7.362395,0.72546524
2021-04-07 17:30:07,4.6640472,-9.126976,1.6759924
2021-04-07 17:30:07,3.6823947,-9.866806,5.461341
2021-04-07 17:30:07,0.72546524,-8.700794,4.8915033
2021-04-07 17:30:07,-0.9433443,-9.378374,1.637684
2021-04-07 17:30:07,1.0151725,-9.641745,-2.6552508
2021-04-07 17:30:07,3.512401,-8.655303,-2.17879
2021-04-07 17:30:07,4.7334814,-7.7957587,0.22266756
2021-04-07 17:30:07,2.918621,-8.324894,2.4589202
2021-04-07 17:30:07,2.0064023,-9.385557,3.5698638
2021-04-07 17:30:07,1.8603516,-9.730332,3.1915684
2021-04-07 17:30:07,2.310475,-9.27542,0.84039044
2021-04-07 17:30:07,2.47568,-8.846846,0.15802214
2021-04-07 17:30:07,2.928198,-8.624178,0.9313729
2021-04-07 17:30:07,3.2538195,-8.923462,2.013585
2021-04-07 17:30:07,2.9401696,-9.076695,1.7214836
2021-04-07 17:30:07,3.2633965,-9.0838785,1.2426286
2021-04-07 17:30:07,4.051113,-8.676852,1.1708003
2021-04-07 17:30:07,4.8819265,-8.430242,0.97446984
2021-04-07 17:30:07,4.8220696,-9.043176,0.1699935
2021-04-07 17:30:07,4.008016,-9.77343,0.15083931
2021-04-07 17:30:07,3.6201434,-10.369604,1.0223553
2021-04-07 17:30:07,4.8723493,-10.922682,0.8930645
2021-04-07 17:30:08,5.564295,-11.008876,1.2809371
2021-04-07 17:30:08,5.916253,-11.152532,1.0534809
2021-04-07 17:30:08,5.0399485,-12.062357,1.7717633
2021-04-07 17:30:08,3.8452053,-11.988134,1.376708
2021-04-07 17:30:08,2.238647,-11.138166,1.0678465
2021-04-07 17:30:08,0.75659084,-10.046377,1.2737542
2021-04-07 17:30:08,0.51955765,-10.5803,2.2458298
2021-04-07 17:30:08,0.9433443,-10.427067,2.6648278
2021-04-07 17:30:08,-2.3535721,-13.0655575,-1.9178141
2021-04-07 17:30:08,-2.3416007,-15.241954,-0.9026416
2021-04-07 17:30:08,0.87151605,-11.408719,1.8651401
2021-04-07 17:30:08,1.2067145,-10.321719,1.403045
2021-04-07 17:30:08,3.7207031,-9.220352,2.2506182
2021-04-07 17:30:08,4.235472,-8.703189,1.8172545
2021-04-07 17:30:08,4.2211065,-7.3839436,2.2338583
2021-04-07 17:30:08,2.901861,-6.6584783,2.5499027
2021-04-07 17:30:08,2.4613144,-6.114978,1.4652961
2021-04-07 17:30:08,2.2601955,-6.071881,0.5865973
2021-04-07 17:30:08,1.5921928,-6.318491,0.723071
2021-04-07 17:30:08,1.0032011,-6.3807425,0.5961744
2021-04-07 17:30:08,0.11971374,-6.220326,0.45491222
2021-04-07 17:30:08,-0.32083282,-5.7175283,0.49800915
2021-04-07 17:30:08,0.2944958,-6.002447,1.2737542
2021-04-07 17:30:08,0.9792584,-6.8236833,2.5929997
2021-04-07 17:30:08,2.1404817,-9.294575,3.7638
2021-04-07 17:30:08,3.6129606,-11.502096,7.0894475
2021-04-07 17:30:08,6.138921,-12.814158,8.303345
2021-04-07 17:30:08,6.952974,-11.719975,8.576292
2021-04-07 17:30:08,2.3463893,-9.826104,6.8284717
2021-04-07 17:30:08,1.9633054,-8.870789,6.263423
2021-04-07 17:30:08,2.7390504,-8.063917,6.593833
2021-04-07 17:30:08,3.0886145,-7.14691,5.0231886
2021-04-07 17:30:08,3.3400133,-6.629747,3.4740927
2021-04-07 17:30:08,4.1325183,-9.325701,3.3400133
2021-04-07 17:30:08,3.0694604,-9.273026,4.4270144
2021-04-07 17:30:08,2.1668186,-12.373612,3.8811195
2021-04-07 17:30:08,2.482863,-16.199663,4.0822387
2021-04-07 17:30:08,2.2961094,-12.443047,2.8372157
2021-04-07 17:30:08,-2.1332989,-6.7566433,2.5522969
2021-04-07 17:30:08,-4.087027,-6.58665,0.4285752
2021-04-07 17:30:08,-2.2506182,-8.296163,-0.9768641
2021-04-07 17:30:08,1.0534809,-9.110215,-1.0391153
2021-04-07 17:30:08,5.31529,-10.127783,-1.6257126
2021-04-07 17:30:08,7.848433,-9.964972,-1.647261
2021-04-07 17:30:08,6.229903,-8.348836,0.05985687
2021-04-07 17:30:08,5.6385174,-7.905895,1.6688095
2021-04-07 17:30:08,4.678413,-9.155706,4.0582957
2021-04-07 17:30:08,1.1875603,-10.089474,3.9744961
2021-04-07 17:30:08,-0.74701375,-10.077502,2.832427
2021-04-07 17:30:08,-0.38308397,-9.694419,0.6608198
2021-04-07 17:30:08,0.83081335,-8.91628,-1.9273912
2021-04-07 17:30:09,2.6767993,-8.277008,-1.9058428
2021-04-07 17:30:09,2.6432793,-8.226728,-0.6560313
2021-04-07 17:30:09,1.5467016,-8.906702,1.6999351
2021-04-07 17:30:09,1.5323359,-9.921875,4.8388295
2021-04-07 17:30:09,2.569057,-9.715967,4.04393
2021-04-07 17:30:09,2.7318676,-9.335278,1.3791022
2021-04-07 17:30:09,3.1843855,-8.612206,-0.84039044
2021-04-07 17:30:09,3.2370596,-8.181237,-0.32083282
2021-04-07 17:30:09,2.8587642,-8.470944,2.0806248
2021-04-07 17:30:09,2.865947,-9.141341,3.2346652
2021-04-07 17:30:09,4.563488,-9.354432,1.8651401
2021-04-07 17:30:09,4.879532,-9.043176,0.09337672
2021-04-07 17:30:09,3.387899,-9.390346,-0.45012367
2021-04-07 17:30:09,2.753416,-9.830893,0.20351335
2021-04-07 17:30:09,2.4206119,-10.45101,0.7709565
2021-04-07 17:30:09,2.8683412,-11.269852,1.5131817
2021-04-07 17:30:09,4.271386,-11.44224,0.86193895
2021-04-07 17:30:09,5.071074,-10.858036,2.0758362
2021-04-07 17:30:09,6.761432,-10.166091,1.403045
2021-04-07 17:30:09,7.0942364,-9.696813,0.84039044
2021-04-07 17:30:09,6.3376455,-9.833286,0.57223165
2021-04-07 17:30:09,2.4493432,-10.178062,1.0870007
2021-04-07 17:30:09,-0.5243462,-10.182851,2.19555
2021-04-07 17:30:09,-0.71588814,-10.884374,2.8300328
2021-04-07 17:30:09,0.6344828,-10.881979,2.2793496
2021-04-07 17:30:09,-2.2721667,-14.186078,-1.7358493
2021-04-07 17:30:09,-1.776552,-16.135017,-1.3096683
2021-04-07 17:30:09,1.8962656,-11.619415,1.2881198
2021-04-07 17:30:09,1.498816,-10.7048025,1.3934679
2021-04-07 17:30:09,3.1700199,-10.130177,2.604971
2021-04-07 17:30:09,3.9361877,-9.399923,2.2123098
2021-04-07 17:30:09,3.5746522,-8.382356,1.8555629
2021-04-07 17:30:09,2.8252442,-7.5419655,2.0590763
2021-04-07 17:30:09,2.5666625,-6.3328567,1.3048798
2021-04-07 17:30:09,2.6767993,-6.035967,1.1277034
2021-04-07 17:30:09,1.8747171,-6.1461034,0.9241901
2021-04-07 17:30:09,0.7350424,-5.8228765,0.43575802
2021-04-07 17:30:09,-0.028731298,-5.3464155,0.23942748
2021-04-07 17:30:09,-0.31125572,-5.1716337,0.052674048
2021-04-07 17:30:09,-0.07901107,-5.5906315,0.91461295
2021-04-07 17:30:09,-0.08140534,-6.526793,2.3966691
2021-04-07 17:30:09,0.8643332,-8.904308,3.7542229
2021-04-07 17:30:09,3.8116856,-12.469383,7.8316727
2021-04-07 17:30:09,6.0072355,-14.600287,9.390346
2021-04-07 17:30:09,6.3567996,-12.4622,8.894731
2021-04-07 17:30:09,1.2450229,-9.835681,6.8500204
2021-04-07 17:30:09,0.53392327,-7.2091613,5.1979704
2021-04-07 17:30:09,1.5514901,-7.3767605,5.090228
2021-04-07 17:30:10,2.2266755,-6.9457912,4.8148866
2021-04-07 17:30:10,3.050306,-6.5651016,3.727886
2021-04-07 17:30:10,2.9904492,-8.18842,4.1420956
2021-04-07 17:30:10,2.6001825,-10.518049,5.312896
2021-04-07 17:30:10,0.7589851,-12.840496,4.5084195
2021-04-07 17:30:10,0.9577099,-15.658557,4.166038
2021-04-07 17:30:10,-1.1492519,-12.385584,2.126116
2021-04-07 17:30:10,-1.3934679,-7.0966306,1.1229149
2021-04-07 17:30:10,-1.4748733,-7.640131,0.19393626
2021-04-07 17:30:10,-0.3232271,-9.897932,-0.20590763
2021-04-07 17:30:10,0.49800915,-9.933846,-0.749408
2021-04-07 17:30:10,2.7917244,-8.504464,-1.0582695
2021-04-07 17:30:10,5.1429024,-8.93304,-1.4557191
2021-04-07 17:30:10,4.7191157,-8.217151,0.090982445
2021-04-07 17:30:10,4.6688356,-8.547561,0.30646718
2021-04-07 17:30:10,4.1588554,-9.502876,2.2745612
2021-04-07 17:30:10,1.620924,-9.907509,4.2570205
2021-04-07 17:30:10,-0.90024734,-9.993703,4.233078
2021-04-07 17:30:10,-1.5323359,-9.869201,1.6257126
2021-04-07 17:30:10,0.24900457,-9.033599,-0.5123748
2021-04-07 17:30:10,2.6432793,-8.523619,-1.3120626
2021-04-07 17:30:10,3.737463,-8.396722,0.06464542
2021-04-07 17:30:10,2.2961094,-8.705584,1.7286664
2021-04-07 17:30:10,1.6999351,-9.620196,3.2801564
2021-04-07 17:30:10,2.1572416,-9.687236,3.4142358
2021-04-07 17:30:10,2.1045675,-9.462174,2.3200524
2021-04-07 17:30:10,2.2242813,-9.215564,1.3479767
2021-04-07 17:30:10,2.1021733,-8.91149,0.339987
2021-04-07 17:30:10,1.9441512,-8.889942,0.46927786
2021-04-07 17:30:10,1.5227587,-8.9976845,1.0391153
2021-04-07 17:30:10,1.5826156,-9.416683,1.6233183
2021-04-07 17:30:10,2.473286,-9.397529,1.7166951
2021-04-07 17:30:10,2.9329867,-9.7135725,1.211503
2021-04-07 17:30:10,3.581835,-9.818921,0.32562137
2021-04-07 17:30:10,3.7254915,-9.79019,-0.4860378
2021-04-07 17:30:10,2.7941186,-10.082292,0.35435268
2021-04-07 17:30:10,2.2889266,-10.73114,1.5634614
2021-04-07 17:30:10,3.9481592,-11.147743,1.673598
2021-04-07 17:30:10,4.5706706,-10.850853,1.201926
2021-04-07 17:30:10,4.9944572,-10.364816,1.8962656
2021-04-07 17:30:10,6.117372,-9.816526,0.9960183
2021-04-07 17:30:10,5.9473786,-10.168485,0.94095
2021-04-07 17:30:10,4.249838,-10.35045,0.80208206
2021-04-07 17:30:10,1.4820561,-10.2091875,0.82123625
2021-04-07 17:30:10,-0.105348095,-10.235525,2.4110348
2021-04-07 17:30:10,-0.48843205,-11.339286,1.6352897
2021-04-07 17:30:10,-1.0750294,-12.229956,0.9960183
2021-04-07 17:30:10,-4.6137676,-15.785454,-2.5020173
2021-04-07 17:30:10,-1.1899546,-13.575539,-0.2370332
2021-04-07 17:30:10,1.2186859,-11.133378,0.39266106
2021-04-07 17:30:10,2.1979442,-10.721562,1.0486923
2021-04-07 17:30:10,3.7590115,-10.180456,2.885101
2021-04-07 17:30:10,4.2737803,-9.435837,2.1740015
2021-04-07 17:30:10,3.2993107,-8.621783,2.0710478
2021-04-07 17:30:11,1.5969813,-7.362395,1.6424725
2021-04-07 17:30:11,1.8747171,-6.5363703,0.94095
2021-04-07 17:30:11,1.4868447,-6.596227,0.6703969
2021-04-07 17:30:11,0.25858167,-6.5842557,0.023942748
2021-04-07 17:30:11,-0.5794145,-6.177229,-0.2944958
2021-04-07 17:30:11,-0.9720756,-5.5547175,-0.08858817
2021-04-07 17:30:11,-1.2138973,-5.403878,0.8786988
2021-04-07 17:30:11,-0.8379962,-6.0072355,1.9992194
2021-04-07 17:30:11,-0.5794145,-7.6544967,2.8827069
2021-04-07 17:30:11,-0.028731298,-9.926663,3.4621215
2021-04-07 17:30:11,0.44294083,-11.842083,5.870762
2021-04-07 17:30:11,3.5363438,-13.474978,8.377567
2021-04-07 17:30:11,4.6496816,-11.557164,6.864386
2021-04-07 17:30:11,2.4206119,-9.299363,6.6848154
2021-04-07 17:30:11,1.786129,-8.614601,4.6688356
2021-04-07 17:30:11,1.977671,-8.300951,5.899493
2021-04-07 17:30:11,2.743839,-7.580274,5.444581
2021-04-07 17:30:11,3.2298768,-6.7015753,4.3958883
2021-04-07 17:30:11,2.545114,-6.3998966,4.4725056
2021-04-07 17:30:11,1.4772675,-7.2426815,5.439792
2021-04-07 17:30:11,1.0486923,-11.880392,5.276982
2021-04-07 17:30:11,-0.90024734,-12.026443,3.8667538
2021-04-07 17:30:11,-0.9864412,-13.683281,2.8204558
2021-04-07 17:30:11,2.8348215,-13.225974,4.599402
2021-04-07 17:30:11,-0.05985687,-10.879584,2.3918805
2021-04-07 17:30:11,-3.2370596,-7.6066113,2.2003386
2021-04-07 17:30:11,-5.209942,-8.992896,1.6544439
2021-04-07 17:30:11,-2.1835787,-8.150111,-0.70870537
2021-04-07 17:30:11,1.7669748,-8.645726,-2.1644244
2021-04-07 17:30:11,4.8124924,-10.709591,-2.5403256
2021-04-07 17:30:11,6.2921543,-8.822903,-2.205127
2021-04-07 17:30:11,5.2506447,-8.174054,-0.22027329
2021-04-07 17:30:11,3.047912,-8.700794,2.9665065
2021-04-07 17:30:11,0.91700727,-10.314536,5.4254265
2021-04-07 17:30:11,-1.5275474,-10.206794,4.271386
2021-04-07 17:30:11,-1.908237,-9.301758,2.300898
2021-04-07 17:30:11,-0.64166564,-9.103033,-0.47885495
2021-04-07 17:30:11,1.2138973,-8.9976845,-2.4852571
2021-04-07 17:30:11,2.8108785,-8.803748,-2.5738454
2021-04-07 17:30:11,1.3695252,-8.73192,0.600963
2021-04-07 17:30:11,0.68236834,-9.749487,3.8045027
2021-04-07 17:30:11,1.0295382,-9.979338,5.3105016
2021-04-07 17:30:11,1.7909175,-9.620196,2.0806248
2021-04-07 17:30:11,2.0806248,-9.471751,-0.89067024
2021-04-07 17:30:11,1.6041641,-9.064724,-0.818842
2021-04-07 17:30:12,0.9241901,-8.89952,1.690358
2021-04-07 17:30:12,0.65124273,-9.021627,3.172414
2021-04-07 17:30:12,1.0750294,-9.270632,3.0886145
2021-04-07 17:30:12,3.3855045,-9.613013,0.73743665
2021-04-07 17:30:12,4.625739,-9.296969,-0.32083282
2021-04-07 17:30:12,3.5602865,-9.787795,0.7110996
2021-04-07 17:30:12,1.7885233,-10.61382,1.3671309
2021-04-07 17:30:12,1.3431882,-10.735929,0.6847626
2021-04-07 17:30:12,1.5275474,-10.915499,0.86912173
2021-04-07 17:30:12,2.4684973,-11.245909,1.5754328
2021-04-07 17:30:12,2.8994668,-11.018453,1.1660118
2021-04-07 17:30:12,4.209135,-10.745505,1.7143008
2021-04-07 17:30:12,5.9713216,-10.556357,0.38068968
2021-04-07 17:30:12,5.403878,-11.195629,0.3974496
2021-04-07 17:30:12,2.6863763,-10.541992,0.6153286
2021-04-07 17:30:12,-0.9816527,-10.28341,1.5514901
2021-04-07 17:30:12,-2.3894863,-11.044789,2.892284
2021-04-07 17:30:12,-2.3583608,-12.124608,2.6121538
2021-04-07 17:30:12,-3.1149516,-13.4270935,0.60335726
2021-04-07 17:30:12,-5.5116205,-16.285858,-3.0957973
2021-04-07 17:30:12,-0.6464542,-12.373612,-0.14605077
2021-04-07 17:30:12,1.6305012,-10.757477,0.16759923
2021-04-07 17:30:12,0.50040346,-11.22436,2.5427198
2021-04-07 17:30:12,2.2458298,-9.754275,3.2873392
2021-04-07 17:30:12,1.9824595,-8.791777,1.8651401
2021-04-07 17:30:12,1.9537282,-7.726325,1.7119064
2021-04-07 17:30:12,0.8379962,-7.0343795,1.1468576
2021-04-07 17:30:12,1.2593886,-6.349617,1.1229149
2021-04-07 17:30:12,0.6464542,-6.1987777,1.0822122
2021-04-07 17:30:12,-0.52913475,-5.873156,0.5363176
2021-04-07 17:30:12,-1.1420691,-5.403878,0.11971374
2021-04-07 17:30:12,-1.1923488,-4.9633317,-0.011971374
2021-04-07 17:30:12,-1.1827718,-5.193182,0.7853221
2021-04-07 17:30:12,-0.8044763,-6.273,2.370332
2021-04-07 17:30:12,-0.6847626,-8.461368,3.5770466
2021-04-07 17:30:12,0.20351335,-11.2004175,6.081458
2021-04-07 17:30:12,2.7294734,-14.499728,8.298556
2021-04-07 17:30:12,4.000833,-14.712819,8.346442
2021-04-07 17:30:12,0.34716985,-9.809344,8.162083
2021-04-07 17:30:12,0.29210153,-7.9489923,5.6241517
2021-04-07 17:30:12,0.5913859,-7.884347,5.355993
2021-04-07 17:30:12,1.0654523,-7.240287,5.2267017
2021-04-07 17:30:12,2.4206119,-6.6967864,3.8811195
2021-04-07 17:30:12,2.2697725,-8.990502,4.106181
2021-04-07 17:30:12,1.647261,-12.179676,5.7199225
2021-04-07 17:30:12,-2.2434354,-13.465402,4.7095385
2021-04-07 17:30:12,-2.595394,-14.509305,3.981679
2021-04-07 17:30:12,-2.971295,-11.542799,1.7430321
2021-04-07 17:30:12,-2.8348215,-7.702382,0.4956149
2021-04-07 17:30:12,-3.0024207,-8.942616,-0.13168511
2021-04-07 17:30:12,-2.2530127,-9.680053,-0.40223816
2021-04-07 17:30:12,0.6392714,-8.293768,-2.2003386
2021-04-07 17:30:12,2.8467927,-8.145323,-1.8052832
2021-04-07 17:30:12,3.624932,-9.433443,-1.1947432
2021-04-07 17:30:13,1.786129,-8.844451,0.57462597
2021-04-07 17:30:13,1.1612233,-9.28021,3.11974
2021-04-07 17:30:13,1.4269878,-11.348863,4.170827
2021-04-07 17:30:13,0.54828894,-9.787795,3.7709827
2021-04-07 17:30:13,-1.6281068,-9.438231,1.7573977
2021-04-07 17:30:13,-0.51716334,-8.786988,-1.2138973
2021-04-07 17:30:13,0.5865973,-8.631361,-2.8372157
2021-04-07 17:30:13,0.6273,-8.557138,-0.44772938
2021-04-07 17:30:13,0.18914771,-9.126976,2.8467927
2021-04-07 17:30:13,-0.31604427,-9.675264,4.3025117
2021-04-07 17:30:13,-0.41181526,-9.828498,3.1652312
2021-04-07 17:30:13,0.17238778,-9.725544,1.4844503
2021-04-07 17:30:13,0.3974496,-9.596253,0.9792584
2021-04-07 17:30:13,0.7039168,-9.644139,1.4772675
2021-04-07 17:30:13,1.1013664,-9.708784,1.9226027
2021-04-07 17:30:13,1.5586729,-9.215564,1.4174107
2021-04-07 17:30:13,1.2067145,-8.705584,1.3719195
2021-04-07 17:30:13,1.0702409,-8.700794,1.9585168
2021-04-07 17:30:13,2.0590763,-9.385557,2.2530127
2021-04-07 17:30:13,2.257801,-9.931452,1.1827718
2021-04-07 17:30:13,1.5610672,-10.575512,0.45251793
2021-04-07 17:30:13,0.7541966,-10.501289,0.82123625
2021-04-07 17:30:13,0.9720756,-10.295382,1.3527653
2021-04-07 17:30:13,1.9178141,-11.12859,1.5227587
2021-04-07 17:30:13,2.6073654,-11.336891,2.8611584
2021-04-07 17:30:13,3.6871831,-11.581107,2.1237218
2021-04-07 17:30:13,4.4198313,-11.760678,1.4054393
2021-04-07 17:30:13,3.1819913,-11.667301,0.67279124
2021-04-07 17:30:13,0.3304099,-11.056761,1.0582695
2021-04-07 17:30:13,-2.7749646,-10.671283,2.3224466
2021-04-07 17:30:13,-3.6728175,-11.25788,2.9928436
2021-04-07 17:30:13,-3.9074564,-11.648147,2.4014575
2021-04-07 17:30:13,-6.028784,-13.233157,-0.99362403
2021-04-07 17:30:13,-4.0582957,-12.840496,-1.0079896
2021-04-07 17:30:13,-0.19154198,-11.617022,0.28970724
2021-04-07 17:30:13,-1.0822122,-11.080704,0.39505535
2021-04-07 17:30:13,0.31604427,-10.541992,3.727886
2021-04-07 17:30:13,0.9194015,-9.225141,1.5443072
2021-04-07 17:30:13,0.6273,-8.224334,1.6161355
2021-04-07 17:30:13,-0.13886794,-7.5084457,2.1380875
2021-04-07 17:30:13,0.05985687,-6.8476257,1.2641771
2021-04-07 17:30:13,0.057462595,-6.3759537,0.9433443
2021-04-07 17:30:13,-0.7829279,-5.954561,0.7901107
2021-04-07 17:30:13,-1.8795058,-6.177229,0.32562137
2021-04-07 17:30:13,-2.126116,-5.549929,0.30646718
2021-04-07 17:30:14,-1.9226027,-5.095017,0.5027977
2021-04-07 17:30:14,-1.6185298,-5.6768255,1.5203645
2021-04-07 17:30:14,-1.5706443,-7.065505,3.1915684
2021-04-07 17:30:14,-1.3862851,-10.082292,4.652076
2021-04-07 17:30:14,-1.3671309,-13.070346,7.101419
2021-04-07 17:30:14,1.2043202,-14.514094,8.667274
2021-04-07 17:30:14,0.15323359,-12.466989,8.171659
2021-04-07 17:30:14,-0.6105401,-8.767835,6.998465
2021-04-07 17:30:14,-1.2522057,-8.332076,5.427821
2021-04-07 17:30:14,-1.594587,-8.396722,5.334444
2021-04-07 17:30:14,-0.5818088,-7.4868975,4.11097
2021-04-07 17:30:14,0.9241901,-6.8332605,3.014392
2021-04-07 17:30:14,0.4764607,-7.4605603,3.8260512
2021-04-07 17:30:14,-0.5698374,-9.44302,4.40786
2021-04-07 17:30:14,-2.8300328,-10.743111,4.889109
2021-04-07 17:30:14,-5.2937417,-13.893977,4.1612496
2021-04-07 17:30:14,-4.3767343,-13.779052,4.685596
2021-04-07 17:30:14,-3.4238129,-10.996904,2.8707354
2021-04-07 17:30:14,-2.5929997,-7.8891354,-0.9912298
2021-04-07 17:30:14,-3.3902931,-8.674458,-1.5227587
2021-04-07 17:30:14,-2.4110348,-8.394327,-1.2234744
2021-04-07 17:30:14,0.6153286,-7.9130783,-1.0774237
2021-04-07 17:30:14,1.9369683,-9.680053,-1.2665714
2021-04-07 17:30:14,1.3623424,-9.4142885,-0.071828246
2021-04-07 17:30:14,0.5411061,-9.150918,2.8491871
2021-04-07 17:30:14,0.36392978,-11.040001,3.4860642
2021-04-07 17:30:14,0.117319465,-10.671283,2.667222
2021-04-07 17:30:14,-2.7342618,-9.364009,1.6783867
2021-04-07 17:30:14,-2.5834224,-9.035994,-0.55307746
2021-04-07 17:30:14,-1.2330515,-8.875577,-1.7813405
2021-04-07 17:30:14,-0.65363705,-8.667274,0.8786988
2021-04-07 17:30:14,-0.75659084,-8.870789,3.15326
2021-04-07 17:30:14,-0.8930645,-9.251478,3.3400133
2021-04-07 17:30:14,-0.9194015,-9.397529,2.80609
2021-04-07 17:30:14,-0.29689008,-9.462174,2.3990633
2021-04-07 17:30:14,-0.102953814,-9.591465,2.2961094
2021-04-07 17:30:14,0.3328042,-9.58907,2.5594797
2021-04-07 17:30:14,0.45970076,-9.555551,2.4277947
2021-04-07 17:30:14,0.071828246,-9.495694,2.3535721
2021-04-07 17:30:14,-0.3519584,-9.677659,1.9585168
2021-04-07 17:30:14,-0.22266756,-9.821315,1.7406378
2021-04-07 17:30:14,0.9864412,-9.232324,0.7350424
2021-04-07 17:30:14,0.24182175,-8.74868,-0.6057515
2021-04-07 17:30:14,-1.3072741,-9.378374,0.3998439
2021-04-07 17:30:14,-2.2937152,-9.531608,0.45491222
2021-04-07 17:30:14,-1.7286664,-10.065532,1.5538844
2021-04-07 17:30:14,-1.0151725,-10.532414,0.9888355
2021-04-07 17:30:14,-0.1340794,-10.415095,1.2402344
2021-04-07 17:30:14,1.1037607,-10.6497345,1.6975409
2021-04-07 17:30:14,2.3823035,-11.406325,1.228263
2021-04-07 17:30:14,1.9202085,-11.164503,1.9561225
2021-04-07 17:30:14,1.5371244,-11.736735,2.1500587
2021-04-07 17:30:14,2.2147043,-11.870814,1.297697
2021-04-07 17:30:14,1.637684,-12.107848,1.472479
2021-04-07 17:30:15,-0.29210153,-11.552376,1.541913
2021-04-07 17:30:15,-1.8483802,-10.304958,1.4341706
2021-04-07 17:30:15,-2.3775148,-9.601042,2.351178
2021-04-07 17:30:15,-2.4852571,-10.010463,2.3128695
2021-04-07 17:30:15,-3.5794408,-10.76466,0.6608198
2021-04-07 17:30:15,-6.220326,-12.29939,-2.9042554
2021-04-07 17:30:15,-4.843618,-12.3807955,-0.2466103
2021-04-07 17:30:15,-2.3918805,-11.4757595,1.0079896
2021-04-07 17:30:15,1.0606637,-11.032818,-0.31843856
2021-04-07 17:30:15,1.5969813,-11.269852,2.4421604
2021-04-07 17:30:15,-0.18435916,-10.609032,2.8396099
2021-04-07 17:30:15,-0.08619389,-8.961771,2.8970726
2021-04-07 17:30:15,0.44533512,-8.41827,2.4158232
2021-04-07 17:30:15,0.70870537,-7.9753294,1.924997
2021-04-07 17:30:15,-0.32801566,-7.2881727,0.5363176
2021-04-07 17:30:15,-1.5921928,-5.7630196,-0.09337672
2021-04-07 17:30:15,-1.8411974,-4.9537544,0.045491222
2021-04-07 17:30:15,-1.812466,-4.398283,0.3423813
2021-04-07 17:30:15,-1.8627458,-4.6113734,1.2665714
2021-04-07 17:30:15,-1.5778271,-5.047131,2.22907
2021-04-07 17:30:15,-1.2234744,-5.741471,3.7925313
2021-04-07 17:30:15,-0.66800267,-9.208381,6.4358106
2021-04-07 17:30:15,0.409421,-13.970593,8.083072
2021-04-07 17:30:15,1.637684,-16.92034,10.846065
2021-04-07 17:30:15,0.82123625,-11.312948,8.583475
2021-04-07 17:30:15,-0.81644773,-7.355212,6.2083545
2021-04-07 17:30:15,-0.8834874,-5.032766,4.7933383
2021-04-07 17:30:15,-2.482863,-6.186806,4.8938975
2021-04-07 17:30:15,-3.5602865,-13.331322,4.8292522
2021-04-07 17:30:15,-2.3631492,-14.538036,7.1732473
2021-04-07 17:30:15,-1.8052832,-9.435837,1.3312168
2021-04-07 17:30:15,-1.960911,-6.1293435,-0.31604427
2021-04-07 17:30:15,-2.1332989,-7.412675,1.0774237
2021-04-07 17:30:15,-4.051113,-11.272245,1.620924
2021-04-07 17:30:15,-4.3671575,-11.942643,0.8092649
2021-04-07 17:30:15,-3.0886145,-10.73114,-0.8643332
2021-04-07 17:30:15,-1.4102279,-8.947405,-1.2450229
2021-04-07 17:30:15,1.3791022,-8.157294,-1.0654523
2021-04-07 17:30:15,3.8212626,-10.075109,-1.0486923
2021-04-07 17:30:15,3.9792848,-9.794978,2.588211
2021-04-07 17:30:15,-0.11013664,-9.565128,5.8420305
2021-04-07 17:30:15,-1.4485363,-9.912297,3.9146392
2021-04-07 17:30:15,-2.7246847,-9.356826,1.2761484
2021-04-07 17:30:15,-3.050306,-9.454991,-0.32083282
2021-04-07 17:30:15,-1.8747171,-8.988108,-1.462902
2021-04-07 17:30:16,-0.46209505,-8.559532,-0.531529
2021-04-07 17:30:16,-0.09577099,-8.712766,1.951334
2021-04-07 17:30:16,-0.5770202,-9.177256,3.7757714
2021-04-07 17:30:16,-1.089395,-9.423865,3.1580484
2021-04-07 17:30:16,-0.89067024,-9.42626,1.7550035
2021-04-07 17:30:16,-0.5913859,-9.354432,0.9960183
2021-04-07 17:30:16,-0.5961744,-9.505271,1.6089526
2021-04-07 17:30:16,-0.409421,-9.624985,2.3128695
2021-04-07 17:30:16,0.03351985,-9.656111,2.3392065
2021-04-07 17:30:16,0.21069619,-9.591465,1.5323359
2021-04-07 17:30:16,0.3902668,-9.407105,0.88588166
2021-04-07 17:30:16,-0.21787901,-9.177256,1.7430321
2021-04-07 17:30:16,-1.3575538,-9.126976,1.9800652
2021-04-07 17:30:16,-0.5363176,-9.828498,1.838803
2021-04-07 17:30:16,1.1013664,-10.470163,0.6368771
2021-04-07 17:30:16,0.888276,-10.937047,0.50758624
2021-04-07 17:30:16,-0.2657645,-10.788602,1.1995317
2021-04-07 17:30:16,-0.062251143,-11.468576,2.099779
2021-04-07 17:30:16,0.67757976,-10.992116,1.3886794
2021-04-07 17:30:16,1.3886794,-11.10704,2.5834224
2021-04-07 17:30:16,2.8635526,-11.4446335,1.908237
2021-04-07 17:30:16,2.770176,-11.844478,1.4509305
2021-04-07 17:30:16,1.6424725,-11.346468,0.79250497
2021-04-07 17:30:16,-1.3527653,-10.190034,1.2067145
2021-04-07 17:30:16,-3.938582,-10.218765,3.1676257
2021-04-07 17:30:16,-4.517997,-11.006481,3.0646718
2021-04-07 17:30:16,-6.3352513,-12.141368,-0.3615355
2021-04-07 17:30:16,-8.775017,-13.836514,-2.9497466
2021-04-07 17:30:16,-4.2977233,-12.24911,1.2258687
2021-04-07 17:30:16,-0.37829542,-11.174081,0.07422252
2021-04-07 17:30:16,2.5546913,-11.339286,1.8172545
2021-04-07 17:30:16,2.5738454,-10.644946,2.5714512
2021-04-07 17:30:16,1.3360053,-9.70639,3.047912
2021-04-07 17:30:16,0.43336374,-8.217151,2.0016139
2021-04-07 17:30:16,-0.19154198,-7.18043,1.5514901
2021-04-07 17:30:16,-0.46209505,-6.4573593,0.9601042
2021-04-07 17:30:16,-1.089395,-5.8180876,0.68715686
2021-04-07 17:30:16,-1.7789462,-5.454158,0.65363705
2021-04-07 17:30:16,-2.2362528,-5.2147307,0.43575802
2021-04-07 17:30:16,-1.838803,-5.0375543,0.3328042
2021-04-07 17:30:16,-1.5993756,-5.1788163,1.0462981
2021-04-07 17:30:16,-1.4413534,-6.064698,2.0423164
2021-04-07 17:30:16,-2.1548474,-8.5882635,3.0790374
2021-04-07 17:30:16,-2.6887705,-10.915499,5.748654
2021-04-07 17:30:16,-1.5323359,-13.836514,8.583475
2021-04-07 17:30:16,1.7550035,-13.788629,7.85801
2021-04-07 17:30:16,0.043096945,-9.821315,6.996071
2021-04-07 17:30:16,-0.6392714,-7.6066113,6.1077952
2021-04-07 17:30:16,-0.7948992,-8.277008,5.688797
2021-04-07 17:30:16,-0.16281068,-8.482916,5.2674046
2021-04-07 17:30:16,1.5706443,-8.298556,4.206741
2021-04-07 17:30:16,1.23784,-8.377567,4.6496816
2021-04-07 17:30:16,-0.07901107,-10.173274,5.5188036
2021-04-07 17:30:16,-3.5578923,-11.787015,6.273
2021-04-07 17:30:17,-4.8579836,-14.602682,3.3232534
2021-04-07 17:30:17,-3.7302802,-13.034432,2.762993
2021-04-07 17:30:17,-4.70475,-8.284191,1.2761484
2021-04-07 17:30:17,-4.398283,-6.3376455,-0.22506183
2021-04-07 17:30:17,-3.8954852,-8.078283,-1.0870007
2021-04-07 17:30:17,-1.7143008,-8.892337,-2.370332
2021-04-07 17:30:17,1.5036045,-9.313729,-2.4421604
2021-04-07 17:30:17,2.4684973,-10.072714,-1.9728824
2021-04-07 17:30:17,2.2242813,-9.632168,-0.42139238
2021-04-07 17:30:17,0.7733508,-9.63935,4.5251794
2021-04-07 17:30:17,-0.24900457,-10.934653,5.1213536
2021-04-07 17:30:17,-2.1213274,-10.379181,3.510007
2021-04-07 17:30:17,-3.3926873,-8.786988,2.351178
2021-04-07 17:30:17,-2.6959534,-8.681641,-0.72546524
2021-04-07 17:30:17,-0.55786604,-8.681641,-4.2642035
2021-04-07 17:30:17,0.6608198,-8.755863,-1.908237
2021-04-07 17:30:17,0.011971374,-8.758257,1.951334
2021-04-07 17:30:17,-1.1444633,-9.447808,4.3216662
2021-04-07 17:30:17,-1.5802214,-9.842864,3.7518287
2021-04-07 17:30:17,-1.3072741,-9.747093,1.9273912
2021-04-07 17:30:17,-0.47885495,-9.624985,0.48124924
2021-04-07 17:30:17,0.021548472,-9.440625,0.9481328
2021-04-07 17:30:17,0.39505535,-9.445415,1.2617828
2021-04-07 17:30:17,0.071828246,-9.28021,1.1564348
2021-04-07 17:30:17,-0.6344828,-9.179649,1.7909175
2021-04-07 17:30:17,-0.50758624,-9.560339,2.1285102
2021-04-07 17:30:17,0.90982443,-10.010463,1.5203645
2021-04-07 17:30:17,0.83081335,-10.228342,1.0534809
2021-04-07 17:30:17,0.39505535,-10.841276,0.8786988
2021-04-07 17:30:17,-0.41181526,-11.097464,1.2857256
2021-04-07 17:30:17,-0.47167215,-11.071127,1.9106313
2021-04-07 17:30:17,0.38787252,-11.6409645,1.8220432
2021-04-07 17:30:17,0.9912298,-11.008876,1.6831752
2021-04-07 17:30:17,2.3344178,-11.358439,2.8348215
2021-04-07 17:30:17,3.8954852,-11.348863,1.4844503
2021-04-07 17:30:17,2.6097596,-11.214784,1.0319325
2021-04-07 17:30:17,-0.1987248,-9.778218,0.2753416
2021-04-07 17:30:17,-3.093403,-9.620196,1.5778271
2021-04-07 17:30:17,-5.212336,-10.992116,2.8707354
2021-04-07 17:30:17,-4.35758,-11.253092,2.3344178
2021-04-07 17:30:17,-9.289786,-15.208433,-2.760599
2021-04-07 17:30:17,-8.241094,-15.371244,-0.64166564
2021-04-07 17:30:17,-3.2729738,-11.293795,2.3918805
2021-04-07 17:30:17,2.3416007,-9.835681,1.5395187
2021-04-07 17:30:17,2.8874955,-10.661706,2.2338583
2021-04-07 17:30:17,2.360755,-9.787795,2.4206119
2021-04-07 17:30:17,0.74701375,-8.624178,2.5594797
2021-04-07 17:30:17,0.31365,-7.0870533,1.2665714
2021-04-07 17:30:17,-0.13168511,-6.1987777,0.600963
2021-04-07 17:30:17,-0.5985687,-5.8947043,0.7326481
2021-04-07 17:30:17,-1.0750294,-5.322473,0.87151605
2021-04-07 17:30:18,-1.8627458,-4.850801,0.57462597
2021-04-07 17:30:18,-2.004008,-4.652076,0.25858167
2021-04-07 17:30:18,-1.4293821,-4.7789726,-0.021548472
2021-04-07 17:30:18,-1.175589,-5.7965393,1.0151725
2021-04-07 17:30:18,-1.6161355,-7.6353426,2.3775148
2021-04-07 17:30:18,-1.8268317,-10.237919,5.0207944
2021-04-07 17:30:18,-0.6081458,-15.040834,7.7119594
2021-04-07 17:30:18,1.5538844,-15.608277,8.91149
2021-04-07 17:30:18,-1.1971374,-10.94423,8.885154
2021-04-07 17:30:18,-1.2809371,-7.982512,6.4860907
2021-04-07 17:30:18,-0.117319465,-8.317711,6.122161
2021-04-07 17:30:18,0.11971374,-8.612206,5.4733124
2021-04-07 17:30:18,0.9337672,-7.5515428,4.3240604
2021-04-07 17:30:18,1.8555629,-6.9098773,3.9457648
2021-04-07 17:30:18,1.8795058,-9.086273,3.9697077
2021-04-07 17:30:18,-1.5874043,-13.343293,5.705557
2021-04-07 17:30:18,-4.616162,-15.641797,3.4429672
2021-04-07 17:30:18,-5.044737,-15.364061,5.255433
2021-04-07 17:30:18,-6.4573593,-9.732727,1.6424725
2021-04-07 17:30:18,-5.2027593,-3.7015488,-0.92658436
2021-04-07 17:30:18,-3.3639562,-5.609786,-1.2546
2021-04-07 17:30:18,-1.9226027,-8.231517,-2.7725701
2021-04-07 17:30:18,0.37829542,-9.119793,-2.5642684
2021-04-07 17:30:18,2.9617178,-10.743111,-2.0231621
2021-04-07 17:30:18,2.3200524,-10.170879,-0.22266756
2021-04-07 17:30:18,1.5203645,-9.069513,2.6121538
2021-04-07 17:30:18,0.17717634,-10.125388,4.3887057
2021-04-07 17:30:18,-1.3048798,-10.848459,3.5076127
2021-04-07 17:30:18,-3.8547823,-9.677659,2.925804
2021-04-07 17:30:18,-3.8619652,-8.614601,1.0462981
2021-04-07 17:30:18,-1.4868447,-8.861211,-2.535537
2021-04-07 17:30:18,0.70870537,-8.624178,-3.083826
2021-04-07 17:30:18,1.1444633,-8.703189,-0.08858817
2021-04-07 17:30:18,-1.1205206,-9.012051,3.110163
2021-04-07 17:30:18,-2.6456738,-9.701602,3.849994
2021-04-07 17:30:18,-2.4445546,-9.950606,3.275368
2021-04-07 17:30:18,-1.0798179,-9.5483675,0.84039044
2021-04-07 17:30:18,-0.08858817,-9.423865,0.8236305
2021-04-07 17:30:18,0.1987248,-9.29218,1.4341706
2021-04-07 17:30:18,0.22266756,-8.897125,1.673598
2021-04-07 17:30:18,-0.41181526,-9.000079,2.0925963
2021-04-07 17:30:18,0.07901107,-9.141341,2.2793496
2021-04-07 17:30:18,1.6664152,-9.998491,1.5826156
2021-04-07 17:30:18,1.3647367,-9.933846,0.90982443
2021-04-07 17:30:18,0.22027329,-10.039194,0.6153286
2021-04-07 17:30:18,-0.27055305,-10.501289,0.723071
2021-04-07 17:30:18,-0.36632404,-10.726351,1.1229149
2021-04-07 17:30:18,0.3519584,-12.1054535,1.5059988
2021-04-07 17:30:19,1.0917894,-12.117425,1.7023294
2021-04-07 17:30:19,2.4206119,-11.9713745,1.5993756
2021-04-07 17:30:19,2.6624336,-11.4757595,1.5562786
2021-04-07 17:30:19,1.1492519,-12.26587,1.6712039
2021-04-07 17:30:19,-0.4166038,-11.889969,0.81644773
2021-04-07 17:30:19,-2.997632,-10.565935,0.72785956
2021-04-07 17:30:19,-4.348003,-9.840469,1.9010541
2021-04-07 17:30:19,-4.314483,-10.290593,2.5666625
2021-04-07 17:30:19,-3.1819913,-9.809344,2.6169424
2021-04-07 17:30:19,-8.540379,-13.372025,-4.565882
2021-04-07 17:30:19,-7.3216925,-14.020873,-0.69673395
2021-04-07 17:30:19,-3.7614057,-11.408719,2.2985039
2021-04-07 17:30:19,1.4221992,-10.381576,1.5323359
2021-04-07 17:30:19,2.3583608,-10.989721,2.5211713
2021-04-07 17:30:19,2.0925963,-9.924269,2.604971
2021-04-07 17:30:19,0.74701375,-8.209969,2.892284
2021-04-07 17:30:19,0.48843205,-7.0798707,2.1189332
2021-04-07 17:30:19,0.48843205,-6.30652,1.2569942
2021-04-07 17:30:19,-0.1987248,-6.117372,0.7134939
2021-04-07 17:30:19,-0.75659084,-5.4900723,0.58420306
2021-04-07 17:30:19,-1.5179702,-5.150085,0.38068968
2021-04-07 17:30:19,-1.802889,-4.867561,0.36871833
2021-04-07 17:30:19,-1.3120626,-4.9872746,0.3304099
2021-04-07 17:30:19,-1.0391153,-5.569083,1.2953026
2021-04-07 17:30:19,-1.4940275,-7.4461946,3.0646718
2021-04-07 17:30:19,-1.6352897,-10.182851,5.2458563
2021-04-07 17:30:19,-1.4054393,-14.80859,8.042369
2021-04-07 17:30:19,1.7382435,-16.48937,9.8787775
2021-04-07 17:30:19,0.7685622,-13.216397,8.854029
2021-04-07 17:30:19,-0.49800915,-8.842057,7.2378926
2021-04-07 17:30:19,-0.505192,-7.1756415,6.0934296
2021-04-07 17:30:19,0.13647367,-6.038361,5.078257
2021-04-07 17:30:19,0.5602603,-5.5547175,3.3567734
2021-04-07 17:30:19,0.5961744,-6.6249585,3.050306
2021-04-07 17:30:19,0.1699935,-11.6098385,3.407053
2021-04-07 17:30:19,-2.1189332,-13.257099,3.5339496
2021-04-07 17:30:19,-6.8236833,-15.625037,5.827665
2021-04-07 17:30:19,-6.0431495,-13.613847,7.7239304
2021-04-07 17:30:19,-4.4126487,-6.428628,-0.18914771
2021-04-07 17:30:19,-2.3296294,-5.1429024,-1.4006507
2021-04-07 17:30:19,-2.2266755,-9.086273,-1.5275474
2021-04-07 17:30:19,-1.3551595,-10.601849,-1.4964218
2021-04-07 17:30:19,-0.5363176,-9.308941,-1.1660118
2021-04-07 17:30:19,1.2905141,-9.06233,-0.9624985
2021-04-07 17:30:19,1.8651401,-10.33369,-0.2561874
2021-04-07 17:30:19,2.3152637,-9.184438,1.333611
2021-04-07 17:30:19,1.3982565,-10.113417,3.938582
2021-04-07 17:30:19,-0.87630457,-10.501289,3.694366
2021-04-07 17:30:19,-3.9194279,-9.407105,2.648068
2021-04-07 17:30:19,-4.592219,-8.710372,1.2761484
2021-04-07 17:30:19,-3.0239692,-8.719949,-1.3527653
2021-04-07 17:30:19,-0.4956149,-8.523619,-2.0423164
2021-04-07 17:30:19,0.54828894,-8.705584,0.3328042
2021-04-07 17:30:19,-0.2083019,-9.016839,3.0981915
2021-04-07 17:30:20,-1.1923488,-9.617802,4.577853
2021-04-07 17:30:20,-1.0702409,-9.821315,3.46691
2021-04-07 17:30:20,-0.4070267,-9.675264,1.56825
2021-04-07 17:30:20,0.0047885496,-9.488511,1.3144568
2021-04-07 17:30:20,0.3974496,-9.569917,1.9154198
2021-04-07 17:30:20,0.71588814,-9.519637,1.9680939
2021-04-07 17:30:20,0.48124924,-9.153313,0.50758624
2021-04-07 17:30:20,-0.31365,-8.813326,0.76616794
2021-04-07 17:30:20,-1.7166951,-8.913885,1.211503
2021-04-07 17:30:20,-1.786129,-9.304152,2.0183737
2021-04-07 17:30:20,-0.62251145,-10.180456,1.2306572
2021-04-07 17:30:20,0.70631105,-10.64734,0.21548474
2021-04-07 17:30:20,0.83081335,-10.812545,0.11013664
2021-04-07 17:30:20,-0.07901107,-10.721562,1.2067145
2021-04-07 17:30:20,-0.55786604,-11.403931,2.3918805
2021-04-07 17:30:20,0.6895511,-11.894757,1.2809371
2021-04-07 17:30:20,1.6592325,-11.133378,1.786129
2021-04-07 17:30:20,2.0758362,-11.408719,2.5642684
2021-04-07 17:30:20,3.459727,-11.250697,1.8076775
2021-04-07 17:30:20,2.875524,-11.327314,1.8052832
2021-04-07 17:30:20,1.1875603,-10.992116,1.0510867
2021-04-07 17:30:20,-2.1811843,-9.943423,0.9696813
2021-04-07 17:30:20,-3.8883023,-9.519637,2.4493432
2021-04-07 17:30:20,-3.7590115,-10.4845295,2.8827069
2021-04-07 17:30:20,-3.8571768,-11.557164,1.3551595
2021-04-07 17:30:20,-7.4246464,-13.982565,-3.15326
2021-04-07 17:30:20,-5.619363,-12.818948,-1.0582695
2021-04-07 17:30:20,-2.5762396,-11.140561,1.5299416
2021-04-07 17:30:20,1.3120626,-10.494106,0.44772938
2021-04-07 17:30:20,3.031152,-11.300977,1.6281068
2021-04-07 17:30:20,1.4245936,-10.96099,3.3136764
2021-04-07 17:30:20,0.4644893,-9.342461,3.3831103
2021-04-07 17:30:20,0.2657645,-7.599428,2.0159793
2021-04-07 17:30:20,0.59378016,-6.864386,1.2450229
2021-04-07 17:30:20,-0.2753416,-6.454965,0.8356019
2021-04-07 17:30:20,-1.3192455,-5.724711,0.5027977
2021-04-07 17:30:20,-1.7190893,-4.652076,0.11492519
2021-04-07 17:30:20,-1.8172545,-4.3408203,0.15323359
2021-04-07 17:30:20,-1.7262721,-4.4246197,0.5243462
2021-04-07 17:30:20,-1.4150164,-5.0064287,1.786129
2021-04-07 17:30:20,-1.350371,-6.138921,3.1460772
2021-04-07 17:30:20,-1.515576,-9.440625,4.6688356
2021-04-07 17:30:20,-0.15083931,-15.117451,6.902694
2021-04-07 17:30:20,0.9696813,-17.942696,11.11183
2021-04-07 17:30:20,0.0,-10.92747,8.861211
2021-04-07 17:30:21,-0.009577099,-6.6848154,6.5842557
2021-04-07 17:30:21,-0.82602483,-5.525986,5.238673
2021-04-07 17:30:21,0.13886794,-6.4358106,3.0790374
2021-04-07 17:30:21,0.36871833,-11.384777,4.2594147
2021-04-07 17:30:21,-1.2522057,-15.052806,6.091035
2021-04-07 17:30:21,-2.1380875,-14.593105,6.8524146
2021-04-07 17:30:21,-1.8675344,-13.046404,2.7246847
2021-04-07 17:30:21,-7.2522583,-6.593833,0.13168511
2021-04-07 17:30:21,-4.9441776,-4.515602,-0.3328042
2021-04-07 17:30:21,-3.972102,-8.061523,-0.73743665
2021-04-07 17:30:21,-2.4948344,-10.422278,-2.2123098
2021-04-07 17:30:21,0.28252444,-10.532414,-2.7821474
2021-04-07 17:30:21,2.9114382,-10.032011,-1.733455
2021-04-07 17:30:21,3.3950818,-9.701602,0.04070267
2021-04-07 17:30:21,2.6193366,-9.213169,3.964919
2021-04-07 17:30:21,-0.45970076,-9.6896305,4.563488
2021-04-07 17:30:21,-1.2569942,-9.962578,2.6289136
2021-04-07 17:30:21,-2.9138324,-9.5794935,2.4014575
2021-04-07 17:30:21,-2.5307484,-8.827691,0.038308397
2021-04-07 17:30:21,-1.4174107,-8.803748,-3.1221344
2021-04-07 17:30:21,0.05985687,-8.56911,-2.3368123
2021-04-07 17:30:21,-0.0047885496,-8.645726,1.2186859
2021-04-07 17:30:21,-1.0319325,-8.961771,3.1293173
2021-04-07 17:30:21,-2.2458298,-9.608225,3.1460772
2021-04-07 17:30:21,-2.2194927,-9.5483675,1.7238779
2021-04-07 17:30:21,-1.5371244,-9.5244255,0.7206767
2021-04-07 17:30:21,-0.85954463,-9.526819,1.3144568
2021-04-07 17:30:21,-0.36632404,-9.464568,1.6855695
2021-04-07 17:30:21,-0.057462595,-9.620196,1.6831752
2021-04-07 17:30:21,0.24900457,-9.136553,1.1468576
2021-04-07 17:30:21,1.1899546,-9.201198,1.9920366
2021-04-07 17:30:21,1.6185298,-10.168485,2.308081
2021-04-07 17:30:21,1.525153,-10.78142,1.3168511
2021-04-07 17:30:21,0.5985687,-11.071127,0.11492519
2021-04-07 17:30:21,0.0,-11.253092,1.1995317
2021-04-07 17:30:21,0.076616794,-12.28263,2.3942747
2021-04-07 17:30:21,0.49800915,-11.617022,1.9537282
2021-04-07 17:30:21,1.8555629,-11.710398,1.7143008
2021-04-07 17:30:21,1.9728824,-11.734341,1.9202085
2021-04-07 17:30:21,1.786129,-11.6409645,1.1923488
2021-04-07 17:30:21,0.14605077,-10.328901,0.0071828244
2021-04-07 17:30:21,-2.473286,-9.464568,1.0534809
2021-04-07 17:30:21,-4.8747435,-11.157321,3.0622776
2021-04-07 17:30:21,-4.8340406,-11.648147,2.2841382
2021-04-07 17:30:21,-10.084685,-15.356878,-3.6895776
2021-04-07 17:30:21,-7.597034,-14.210021,-0.66321415
2021-04-07 17:30:21,-3.7733772,-11.289005,2.2003386
2021-04-07 17:30:21,2.5858169,-10.058349,1.2833313
2021-04-07 17:30:21,2.7127132,-11.083098,2.0231621
2021-04-07 17:30:21,1.8220432,-9.929058,2.7414446
2021-04-07 17:30:21,0.65842557,-8.667274,2.6696165
2021-04-07 17:30:21,0.34716985,-6.8524146,0.69194543
2021-04-07 17:30:21,0.2944958,-5.7630196,0.46927786
2021-04-07 17:30:21,-0.47167215,-5.6672482,0.5506832
2021-04-07 17:30:22,-1.3407938,-5.4134555,0.7637737
2021-04-07 17:30:22,-1.620924,-5.0926223,0.43575802
2021-04-07 17:30:22,-1.8220432,-4.8484063,0.3304099
2021-04-07 17:30:22,-1.5850099,-4.503631,0.67279124
2021-04-07 17:30:22,-1.2809371,-5.2458563,1.7933118
2021-04-07 17:30:22,-1.489239,-7.233104,2.9760835
2021-04-07 17:30:22,-1.6688095,-10.28341,4.810098
2021-04-07 17:30:22,-1.6999351,-14.985766,7.7957587
2021-04-07 17:30:22,1.1995317,-15.2682905,9.184438
2021-04-07 17:30:22,1.9417568,-10.824516,7.6090055
2021-04-07 17:30:22,1.759792,-8.688824,6.25624
2021-04-07 17:30:22,0.8356019,-7.903501,4.8747435
2021-04-07 17:30:22,1.4557191,-7.6544967,3.2873392
2021-04-07 17:30:22,2.264984,-7.1756415,3.1269228
2021-04-07 17:30:22,1.3862851,-7.0535336,4.73827
2021-04-07 17:30:22,-0.7996878,-9.064724,6.361588
2021-04-07 17:30:22,-2.0351336,-13.204426,6.3544054
2021-04-07 17:30:22,-3.7518287,-14.569162,3.1963568
2021-04-07 17:30:22,-3.605778,-15.337725,2.9066496
2021-04-07 17:30:22,-4.06069,-13.2858305,4.328849
2021-04-07 17:30:22,-5.7821736,-5.559506,0.7446195
2021-04-07 17:30:22,-6.1077952,-6.014418,0.17717634
2021-04-07 17:30:22,-3.8811195,-7.211556,-2.3248408
2021-04-07 17:30:22,0.6368771,-8.717555,-3.5962007
2021-04-07 17:30:22,3.1341057,-11.037607,-4.0391417
2021-04-07 17:30:22,2.011191,-10.032011,-1.9752767
2021-04-07 17:30:22,1.3551595,-9.483723,2.5594797
2021-04-07 17:30:22,-0.39266106,-10.843671,6.632141
2021-04-07 17:30:22,-1.9106313,-10.752688,5.008823
2021-04-07 17:30:22,-3.4860642,-9.701602,2.9042554
2021-04-07 17:30:22,-2.545114,-8.624178,-0.9720756
2021-04-07 17:30:22,0.23942748,-8.408693,-6.2945485
2021-04-07 17:30:22,1.7478206,-8.389539,-3.0550947
2021-04-07 17:30:22,0.46209505,-9.040782,1.9321798
2021-04-07 17:30:22,-1.2809371,-9.47654,4.889109
2021-04-07 17:30:22,-2.8635526,-9.838076,4.163644
2021-04-07 17:30:22,-2.1189332,-9.596253,0.84039044
2021-04-07 17:30:22,-0.88588166,-9.014444,-0.04070267
2021-04-07 17:30:22,-0.25858167,-8.880365,1.7310607
2021-04-07 17:30:22,-0.117319465,-9.624985,3.7685885
2021-04-07 17:30:22,0.11253092,-9.641745,3.5171897
2021-04-07 17:30:22,0.4644893,-9.744699,0.68236834
2021-04-07 17:30:22,1.8220432,-9.481328,0.45012367
2021-04-07 17:30:22,1.6089526,-9.560339,1.185166
2021-04-07 17:30:22,0.8140534,-9.754275,0.90982443
2021-04-07 17:30:23,-0.031125572,-10.946625,0.59378016
2021-04-07 17:30:23,-0.43336374,-11.229149,1.1564348
2021-04-07 17:30:23,-0.8356019,-11.679273,2.2099156
2021-04-07 17:30:23,0.22506183,-12.2155905,1.3551595
2021-04-07 17:30:23,1.5778271,-11.9187,2.2841382
2021-04-07 17:30:23,2.892284,-11.384777,1.4964218
2021-04-07 17:30:23,1.5850099,-11.44224,1.4269878
2021-04-07 17:30:23,1.1803775,-11.150138,0.723071
2021-04-07 17:30:23,-0.82602483,-9.907509,0.28731298
2021-04-07 17:30:23,-3.2346652,-9.550762,1.541913
2021-04-07 17:30:23,-4.199558,-10.611426,2.719896
2021-04-07 17:30:23,-4.2977233,-10.733534,1.8148603
2021-04-07 17:30:23,-10.805362,-15.672923,-4.5467277
2021-04-07 17:30:23,-7.5922456,-14.396774,0.28252444
2021-04-07 17:30:23,-3.014392,-10.846065,1.8795058
2021-04-07 17:30:23,2.6863763,-9.926663,0.7829279
2021-04-07 17:30:23,2.135693,-10.673677,2.5379312
2021-04-07 17:30:23,1.3168511,-10.0368,2.803696
2021-04-07 17:30:23,0.29210153,-8.406299,2.4637089
2021-04-07 17:30:23,0.08858817,-6.897906,1.4916332
2021-04-07 17:30:23,-0.009577099,-6.0527267,0.88109314
2021-04-07 17:30:23,-0.3998439,-5.7534423,0.79250497
2021-04-07 17:30:23,-1.0798179,-5.2745876,1.0415095
2021-04-07 17:30:23,-1.6712039,-4.9010806,0.8379962
2021-04-07 17:30:23,-1.7214836,-4.4916596,0.5961744
2021-04-07 17:30:23,-1.4174107,-4.6664414,0.7541966
2021-04-07 17:30:23,-1.2426286,-5.255433,1.6831752
2021-04-07 17:30:23,-1.4221992,-7.3049326,3.040729
2021-04-07 17:30:23,-1.2929084,-10.767054,5.978504
2021-04-07 17:30:23,-1.201926,-16.003332,9.04557
2021-04-07 17:30:23,-0.14126222,-16.680912,9.859624
2021-04-07 17:30:23,-2.0064023,-10.946625,8.854029
2021-04-07 17:30:23,-1.2043202,-7.022408,6.316097
2021-04-07 17:30:23,0.45730647,-6.7901635,4.9202347
2021-04-07 17:30:23,1.2617828,-6.589044,3.9170337
2021-04-07 17:30:23,1.1827718,-6.943397,3.9337935
2021-04-07 17:30:23,0.29210153,-11.298583,4.70475
2021-04-07 17:30:23,-2.0183737,-12.2706585,4.7095385
2021-04-07 17:30:23,-3.9337935,-14.645779,2.4996228
2021-04-07 17:30:23,-5.4350038,-14.482968,4.9968514
2021-04-07 17:30:23,-6.0000525,-8.482916,1.9321798
2021-04-07 17:30:23,-4.2402606,-6.2682114,-0.65124273
2021-04-07 17:30:23,-3.294522,-9.115005,-1.8627458
2021-04-07 17:30:23,-0.75180227,-8.875577,-2.4708917
2021-04-07 17:30:23,2.6001825,-7.762239,-2.8707354
2021-04-07 17:30:23,2.4541316,-9.653716,-1.7933118
2021-04-07 17:30:23,0.65363705,-9.256267,1.1923488
2021-04-07 17:30:23,-0.88588166,-8.834874,4.4749
2021-04-07 17:30:23,-0.9481328,-10.917893,3.9960446
2021-04-07 17:30:23,-0.79250497,-11.22436,2.5906053
2021-04-07 17:30:23,-2.6025767,-9.550762,2.063865
2021-04-07 17:30:23,-2.0375278,-8.921068,-0.92658436
2021-04-07 17:30:23,-0.63208854,-8.334471,-3.2562137
2021-04-07 17:30:23,0.16520496,-8.20518,-0.7877164
2021-04-07 17:30:24,-0.12689656,-8.8085375,2.3200524
2021-04-07 17:30:24,-1.1995317,-9.332883,3.2825508
2021-04-07 17:30:24,-1.9202085,-9.684841,4.070267
2021-04-07 17:30:24,-1.063058,-9.780613,2.2769554
2021-04-07 17:30:24,-0.47885495,-9.660899,1.2426286
2021-04-07 17:30:24,-0.15083931,-9.61062,1.350371
2021-04-07 17:30:24,0.10055954,-9.380769,1.2522057
2021-04-07 17:30:24,0.25139886,-9.167678,0.84278476
2021-04-07 17:30:24,-0.5770202,-8.877971,1.3000913
2021-04-07 17:30:24,-1.8076775,-9.07909,1.9465454
2021-04-07 17:30:24,-1.525153,-9.514848,1.7573977
2021-04-07 17:30:24,0.5147691,-9.914692,1.2402344
2021-04-07 17:30:24,1.4748733,-10.530021,0.14126222
2021-04-07 17:30:24,0.51955765,-10.750294,0.34477556
2021-04-07 17:30:24,-1.1564348,-10.496501,1.359948
2021-04-07 17:30:24,-0.93616146,-11.370411,2.22907
2021-04-07 17:30:24,1.1708003,-11.904334,1.0654523
2021-04-07 17:30:24,1.7166951,-11.351257,1.9656997
2021-04-07 17:30:24,1.9872481,-11.533222,1.5706443
2021-04-07 17:30:24,2.2554069,-11.839689,1.2641771
2021-04-07 17:30:24,1.4605076,-11.997711,1.3048798
2021-04-07 17:30:24,-0.031125572,-11.552376,0.54350036
2021-04-07 17:30:24,-2.5834224,-10.3743925,0.8930645
2021-04-07 17:30:24,-3.6704233,-9.730332,1.8914771
2021-04-07 17:30:24,-2.9497466,-9.991309,2.2769554
2021-04-07 17:30:24,-2.6432793,-9.912297,1.4940275
2021-04-07 17:30:24,-5.846819,-11.63857,-3.1365
2021-04-07 17:30:24,-6.5052447,-12.684868,-1.376708
2021-04-07 17:30:24,-3.7207031,-11.090281,1.690358
2021-04-07 17:30:24,0.7589851,-10.527626,0.7015225
2021-04-07 17:30:24,2.1380875,-10.752688,1.9896424
2021-04-07 17:30:24,1.4772675,-10.328901,2.5546913
2021-04-07 17:30:24,0.5123748,-9.007262,2.569057
2021-04-07 17:30:24,0.21548474,-7.843644,1.7095122
2021-04-07 17:30:24,0.11971374,-7.3025384,1.3455825
2021-04-07 17:30:24,-0.4836435,-7.103813,0.6608198
2021-04-07 17:30:24,-1.2354459,-6.6632667,0.4189981
2021-04-07 17:30:24,-1.8292259,-6.1748347,0.37590113
2021-04-07 17:30:24,-1.9920366,-5.5954204,0.56265455
2021-04-07 17:30:24,-1.8962656,-5.2147307,1.185166
2021-04-07 17:30:24,-1.8435916,-5.5954204,2.2003386
2021-04-07 17:30:24,-1.8723229,-7.225921,2.9856608
2021-04-07 17:30:24,-2.3344178,-9.3280945,3.7638
2021-04-07 17:30:24,-1.8555629,-11.540404,5.686403
2021-04-07 17:30:24,0.35674694,-13.927497,8.063917
2021-04-07 17:30:24,1.1181264,-11.418297,7.3815494
2021-04-07 17:30:24,0.53871185,-9.244295,6.447782
2021-04-07 17:30:24,-0.009577099,-8.245882,5.8252707
2021-04-07 17:30:25,1.1157321,-8.140534,4.6568646
2021-04-07 17:30:25,2.1883671,-8.032792,4.235472
2021-04-07 17:30:25,2.126116,-7.14691,4.4629283
2021-04-07 17:30:25,0.36871833,-7.003254,5.3081074
2021-04-07 17:30:25,-0.67279124,-11.5308275,6.0599093
2021-04-07 17:30:25,-2.6528566,-14.863658,3.9170337
2021-04-07 17:30:25,-4.0463243,-17.528486,2.3032923
2021-04-07 17:30:25,-3.519584,-15.579546,5.355993
2021-04-07 17:30:25,-6.8356547,-3.380716,-0.7781393
2021-04-07 17:30:25,-5.727105,-4.3456087,0.19633053
2021-04-07 17:30:25,-4.7885494,-7.2618356,-1.5562786
2021-04-07 17:30:25,-1.3743137,-9.694419,-3.0718546
2021-04-07 17:30:25,2.2170985,-11.753495,-3.4381785
2021-04-07 17:30:25,3.4142358,-10.625792,-2.1644244
2021-04-07 17:30:25,2.0710478,-8.909097,-0.24182175
2021-04-07 17:30:25,1.0079896,-8.703189,5.05192
2021-04-07 17:30:25,-0.73743665,-10.46777,5.940196
2021-04-07 17:30:25,-3.050306,-10.585089,3.4453614
2021-04-07 17:30:25,-3.1173458,-8.722343,1.3288225
2021-04-07 17:30:25,-1.9872481,-8.636149,-2.8276386
2021-04-07 17:30:25,0.8140534,-8.571504,-4.7981267
2021-04-07 17:30:25,0.6703969,-9.064724,-0.62251145
2021-04-07 17:30:25,-0.2657645,-9.115005,3.265791
2021-04-07 17:30:25,-2.4349775,-9.720756,4.520391
2021-04-07 17:30:25,-2.770176,-9.866806,2.4373717
2021-04-07 17:30:25,-1.5730386,-9.438231,-0.20351335
2021-04-07 17:30:25,-0.54350036,-9.342461,0.4285752
2021-04-07 17:30:25,-0.076616794,-9.344854,1.6807809
2021-04-07 17:30:25,-0.090982445,-9.244295,3.328042
2021-04-07 17:30:25,-0.845179,-9.273026,2.6552508
2021-04-07 17:30:25,-0.06464542,-9.364009,1.1971374
2021-04-07 17:30:25,1.4676905,-9.646533,0.7350424
2021-04-07 17:30:25,1.8316202,-10.194822,1.1684061
2021-04-07 17:30:25,0.38787252,-9.644139,0.7589851
2021-04-07 17:30:25,-0.70870537,-10.379181,0.39505535
2021-04-07 17:30:25,-0.7805336,-10.932259,1.0175668
2021-04-07 17:30:25,-0.05027977,-11.796592,1.7095122
2021-04-07 17:30:25,0.79250497,-11.947432,0.9289786
2021-04-07 17:30:25,0.8547561,-11.899546,2.8539755
2021-04-07 17:30:25,3.45015,-12.280235,1.1564348
2021-04-07 17:30:25,2.5139885,-12.356853,1.0008069
2021-04-07 17:30:25,-0.11013664,-11.772649,1.3072741
2021-04-07 17:30:25,-2.5427198,-10.589877,1.0989721
2021-04-07 17:30:25,-4.017593,-9.694419,2.0542877
2021-04-07 17:30:25,-4.120547,-10.290593,2.8084843
2021-04-07 17:30:25,-4.6688356,-11.233937,1.9058428
2021-04-07 17:30:25,-7.7574506,-12.945844,-3.059883
2021-04-07 17:30:25,-6.246663,-13.010489,-0.86193895
2021-04-07 17:30:25,-1.9130256,-10.520444,1.359948
2021-04-07 17:30:25,1.0726352,-10.178062,0.23224466
2021-04-07 17:30:25,0.28731298,-10.405519,2.47568
2021-04-07 17:30:25,-0.17717634,-9.361614,2.7893302
2021-04-07 17:30:25,-0.22506183,-8.4230585,2.3583608
2021-04-07 17:30:25,0.14605077,-7.5060515,1.6951466
2021-04-07 17:30:26,0.29689008,-6.9649453,1.4772675
2021-04-07 17:30:26,-0.31125572,-6.524399,1.2857256
2021-04-07 17:30:26,-1.5730386,-5.791751,1.0295382
2021-04-07 17:30:26,-2.5762396,-5.2697988,0.8547561
2021-04-07 17:30:26,-2.3966691,-4.745453,0.7589851
2021-04-07 17:30:26,-1.6041641,-4.6568646,0.68715686
2021-04-07 17:30:26,-1.3838909,-5.0040345,1.9561225
2021-04-07 17:30:26,-1.3455825,-6.2777886,3.1125572
2021-04-07 17:30:26,-0.97446984,-8.992896,4.6041903
2021-04-07 17:30:26,-1.1157321,-14.837321,8.356019
2021-04-07 17:30:26,1.010384,-17.353704,11.188446
2021-04-07 17:30:26,-0.05985687,-11.921094,8.968953
2021-04-07 17:30:26,-0.54350036,-6.952974,6.395108
2021-04-07 17:30:26,-0.9864412,-6.1987777,5.296136
2021-04-07 17:30:26,-0.36632404,-6.4573593,4.2235007
2021-04-07 17:30:26,-1.2546,-10.43425,4.005622
2021-04-07 17:30:26,-2.3200524,-15.316176,5.4493694
2021-04-07 17:30:26,-2.7510219,-14.952246,4.7598186
2021-04-07 17:30:26,-3.6584518,-11.65533,3.2897336
2021-04-07 17:30:26,-5.2290964,-5.7438655,0.105348095
2021-04-07 17:30:26,-3.9840732,-5.140508,-0.8643332
2021-04-07 17:30:26,-2.19555,-8.518829,-0.9601042
2021-04-07 17:30:26,-1.5610672,-12.045596,-1.5921928
2021-04-07 17:30:26,0.13168511,-10.867614,-1.4437478
2021-04-07 17:30:26,2.648068,-10.216371,-1.5730386
2021-04-07 17:30:26,3.5387383,-10.568329,-0.90503585
2021-04-07 17:30:26,1.7526091,-8.856422,3.5746522
2021-04-07 17:30:26,-1.3312168,-8.897125,4.3192716
2021-04-07 17:30:26,-2.7390504,-9.730332,2.796513
2021-04-07 17:30:26,-3.9050622,-9.469357,2.4086404
2021-04-07 17:30:26,-3.1173458,-9.059936,0.57462597
2021-04-07 17:30:26,-1.333611,-8.942616,-1.6855695
2021-04-07 17:30:26,0.36632404,-8.581081,-1.8483802
2021-04-07 17:30:26,0.4285752,-8.882759,1.6400782
2021-04-07 17:30:26,-0.6703969,-9.261055,4.0726614
2021-04-07 17:30:26,-1.5227587,-9.29218,4.642499
2021-04-07 17:30:26,-1.3958622,-9.304152,2.0183737
2021-04-07 17:30:26,-0.87630457,-9.232324,0.8356019
2021-04-07 17:30:26,-0.531529,-9.397529,1.7023294
2021-04-07 17:30:26,0.16281068,-9.785401,2.3942747
2021-04-07 17:30:26,0.28970724,-9.598648,2.083019
2021-04-07 17:30:26,-0.062251143,-9.366403,1.1708003
2021-04-07 17:30:26,-0.8379962,-9.287392,0.98404694
2021-04-07 17:30:26,-1.4365649,-9.031204,0.49800915
2021-04-07 17:30:26,-1.5012103,-8.839663,1.3216397
2021-04-07 17:30:27,-0.75659084,-9.466963,1.0846065
2021-04-07 17:30:27,0.25139886,-10.393547,0.7015225
2021-04-07 17:30:27,0.33759275,-10.719169,0.51955765
2021-04-07 17:30:27,-0.84996754,-10.834093,1.5562786
2021-04-07 17:30:27,-0.2753416,-11.24112,2.3535721
2021-04-07 17:30:27,1.9417568,-11.758284,1.7286664
2021-04-07 17:30:27,3.2083282,-12.110242,2.5403256
2021-04-07 17:30:27,3.2035396,-12.761485,2.413429
2021-04-07 17:30:27,2.0973847,-12.785427,1.1061549
2021-04-07 17:30:27,-0.8786988,-11.758284,0.8667275
2021-04-07 17:30:27,-3.057489,-10.716774,1.297697
2021-04-07 17:30:27,-4.2977233,-10.290593,2.6504622
2021-04-07 17:30:27,-3.6800003,-10.929865,2.19555
2021-04-07 17:30:27,-3.756617,-11.377594,1.2354459
2021-04-07 17:30:27,-6.0479383,-13.1517515,-3.9074564
2021-04-07 17:30:27,-4.187587,-12.548394,-0.25139886
2021-04-07 17:30:27,-2.3846977,-11.016058,0.43096948
2021-04-07 17:30:27,0.105348095,-10.73114,0.76616794
2021-04-07 17:30:27,0.8571504,-10.494106,2.4469488
2021-04-07 17:30:27,0.8356019,-9.701602,2.667222
2021-04-07 17:30:27,0.6847626,-8.48531,2.8252442
2021-04-07 17:30:27,0.090982445,-7.2163444,1.8268317
2021-04-07 17:30:27,0.3232271,-6.4501762,0.8643332
2021-04-07 17:30:27,-0.6440599,-6.158075,0.2753416
2021-04-07 17:30:27,-1.6807809,-5.9665327,0.11971374
2021-04-07 17:30:27,-2.3679378,-5.751048,0.019154198
2021-04-07 17:30:27,-2.3655436,-5.114171,-0.12210801
2021-04-07 17:30:27,-2.2075214,-5.1788163,0.38068968
2021-04-07 17:30:27,-2.3990633,-5.8180876,1.5083932
2021-04-07 17:30:27,-2.7127132,-7.3192983,2.4277947
2021-04-07 17:30:27,-3.2825508,-9.624985,4.3408203
2021-04-07 17:30:27,-3.3400133,-12.885987,7.762239
2021-04-07 17:30:27,0.76616794,-14.806195,8.734315
2021-04-07 17:30:27,-0.14844504,-11.96898,7.788576
2021-04-07 17:30:27,-1.3383996,-7.901107,6.4597535
2021-04-07 17:30:27,-0.9433443,-7.534783,5.4757066
2021-04-07 17:30:27,0.5913859,-7.7239304,5.849213
2021-04-07 17:30:27,1.9010541,-7.2426815,5.0064287
2021-04-07 17:30:27,1.1875603,-7.290567,4.4461684
2021-04-07 17:30:27,-1.5227587,-11.267457,4.577853
2021-04-07 17:30:27,-4.2402606,-12.194041,5.1021996
2021-04-07 17:30:27,-6.318491,-15.622643,5.087834
2021-04-07 17:30:27,-7.16367,-11.221966,3.3831103
2021-04-07 17:30:27,-4.8388295,-5.7295,-1.8340145
2021-04-07 17:30:27,-1.9752767,-6.1293435,-1.1947432
2021-04-07 17:30:27,-3.0048149,-11.116618,-1.7957062
2021-04-07 17:30:27,-1.9561225,-11.480548,-2.2242813
2021-04-07 17:30:27,1.036721,-9.431048,-3.2921278
2021-04-07 17:30:27,2.2099156,-9.474146,-1.3383996
2021-04-07 17:30:27,0.69912827,-9.12937,1.8364087
2021-04-07 17:30:27,-1.5467016,-8.662486,4.1756153
2021-04-07 17:30:27,-1.6831752,-9.826104,4.3911
2021-04-07 17:30:27,-0.6656084,-11.4446335,3.5363438
2021-04-07 17:30:27,0.31604427,-10.276228,0.6344828
2021-04-07 17:30:28,0.409421,-8.801354,-2.2673783
2021-04-07 17:30:28,0.50998056,-8.116591,-2.3463893
2021-04-07 17:30:28,0.37590113,-8.523619,0.12929083
2021-04-07 17:30:28,-0.6273,-9.110215,1.6089526
2021-04-07 17:30:28,-2.1740015,-9.12937,2.3727264
2021-04-07 17:30:28,-2.657645,-9.198804,2.7318676
2021-04-07 17:30:28,-2.2841382,-9.141341,1.525153
2021-04-07 17:30:28,-1.594587,-9.3592205,1.8795058
2021-04-07 17:30:28,-0.65363705,-9.498088,1.3288225
2021-04-07 17:30:28,0.749408,-9.522031,1.7071179
2021-04-07 17:30:28,0.7134939,-9.696813,1.6161355
2021-04-07 17:30:28,0.29210153,-9.505271,1.8771114
2021-04-07 17:30:28,0.15802214,-9.90272,1.6568382
2021-04-07 17:30:28,0.41181526,-10.369604,1.1205206
2021-04-07 17:30:28,0.014365649,-10.13736,0.4070267
2021-04-07 17:30:28,-0.5985687,-10.494106,0.11253092
2021-04-07 17:30:28,-1.1875603,-10.585089,1.0008069
2021-04-07 17:30:28,-0.8834874,-10.812545,1.0726352
2021-04-07 17:30:28,-0.53392327,-10.826911,2.4373717
2021-04-07 17:30:28,0.5147691,-11.645753,2.3487835
2021-04-07 17:30:28,1.2186859,-11.607444,2.2841382
2021-04-07 17:30:28,2.1117504,-11.708004,2.52596
2021-04-07 17:30:28,2.5115943,-12.191648,1.8507744
2021-04-07 17:30:28,2.011191,-11.60505,0.96489275
2021-04-07 17:30:28,-0.7996878,-10.000886,0.98404694
2021-04-07 17:30:28,-3.3232534,-10.1206,2.2075214
2021-04-07 17:30:28,-3.6800003,-10.968173,2.238647
2021-04-07 17:30:28,-3.5147953,-11.478153,0.9577099
2021-04-07 17:30:28,-5.2219133,-12.565154,-1.6520497
2021-04-07 17:30:28,-6.014418,-12.864439,-1.8100717
2021-04-07 17:30:28,-4.0104103,-11.612233,0.2561874
2021-04-07 17:30:28,-2.466103,-10.632975,-0.28252444
2021-04-07 17:30:28,-0.47885495,-10.3743925,1.0654523
2021-04-07 17:30:28,0.48124924,-9.404712,1.977671
2021-04-07 17:30:28,-0.021548472,-8.894731,2.1189332
2021-04-07 17:30:28,-0.3615355,-8.028004,1.924997
2021-04-07 17:30:28,-0.70631105,-6.9721284,1.3048798
2021-04-07 17:30:28,-0.9696813,-6.3352513,0.8643332
2021-04-07 17:30:28,-1.8052832,-6.0694866,0.6656084
2021-04-07 17:30:28,-2.4804688,-5.2913475,0.50998056
2021-04-07 17:30:28,-2.4158232,-4.417437,0.45730647
2021-04-07 17:30:28,-2.4900458,-4.6496816,0.967287
2021-04-07 17:30:28,-2.0518935,-5.602603,2.3368123
2021-04-07 17:30:28,-2.2673783,-7.6473136,2.9641123
2021-04-07 17:30:28,-2.1189332,-9.617802,4.2618093
2021-04-07 17:30:29,-2.264984,-12.471778,7.5084457
2021-04-07 17:30:29,0.0670397,-14.380014,8.952193
2021-04-07 17:30:29,-0.14365649,-12.019259,7.388732
2021-04-07 17:30:29,-2.3296294,-8.830086,6.150892
2021-04-07 17:30:29,-2.308081,-7.7311134,4.9274178
2021-04-07 17:30:29,-0.59378016,-7.395915,5.116565
2021-04-07 17:30:29,1.0870007,-7.4366174,4.908263
2021-04-07 17:30:29,0.61293435,-9.838076,5.846819
2021-04-07 17:30:29,-0.9385557,-12.929084,5.420638
2021-04-07 17:30:29,-4.336032,-11.514068,3.050306
2021-04-07 17:30:29,-4.5610933,-13.185271,2.3535721
2021-04-07 17:30:29,-2.49244,-10.886767,3.205934
2021-04-07 17:30:29,-4.3432145,-5.5810547,0.7853221
2021-04-07 17:30:29,-4.70475,-5.619363,0.4740664
2021-04-07 17:30:29,-4.889109,-7.738296,-0.61293435
2021-04-07 17:30:29,-2.013585,-10.168485,-1.2522057
2021-04-07 17:30:29,1.4269878,-12.067145,-2.604971
2021-04-07 17:30:29,2.0878077,-12.206013,-0.5506832
2021-04-07 17:30:29,0.9864412,-10.108628,3.2969165
2021-04-07 17:30:29,0.2370332,-9.040782,3.8811195
2021-04-07 17:30:29,-0.2681588,-9.284998,3.4309957
2021-04-07 17:30:29,-0.80208206,-10.190034,2.5139885
2021-04-07 17:30:29,-1.376708,-9.136553,0.9888355
2021-04-07 17:30:29,-1.1037607,-8.339259,-0.53871185
2021-04-07 17:30:29,-0.29689008,-8.356019,-0.81644773
2021-04-07 17:30:29,-0.2370332,-9.158101,0.83081335
2021-04-07 17:30:29,-1.7143008,-9.318518,2.82285
2021-04-07 17:30:29,-3.014392,-9.26345,3.7949257
2021-04-07 17:30:29,-2.7773588,-9.320911,3.083826
2021-04-07 17:30:29,-0.92658436,-8.91149,0.5506832
2021-04-07 17:30:29,0.2657645,-8.686429,0.22266756
2021-04-07 17:30:29,-0.17478207,-9.483723,0.8547561
2021-04-07 17:30:29,-0.45491222,-9.840469,1.2857256
2021-04-07 17:30:29,-1.036721,-9.885961,2.0878077
2021-04-07 17:30:29,-1.3934679,-9.912297,2.4541316
2021-04-07 17:30:29,-1.498816,-9.761458,1.6305012
2021-04-07 17:30:29,-0.76137936,-9.431048,0.6751855
2021-04-07 17:30:29,-0.31365,-9.356826,0.2944958
2021-04-07 17:30:29,-0.35674694,-9.821315,1.0534809
2021-04-07 17:30:29,-0.5961744,-9.749487,0.88109314
2021-04-07 17:30:29,-0.35674694,-9.931452,0.71588814
2021-04-07 17:30:29,-0.6177229,-10.0439825,1.1444633
2021-04-07 17:30:29,-0.82123625,-10.577906,2.1740015
2021-04-07 17:30:29,-0.05985687,-11.183658,2.432583
2021-04-07 17:30:29,1.350371,-11.492519,2.2362528
2021-04-07 17:30:29,1.5562786,-11.135772,3.2777622
2021-04-07 17:30:29,1.3623424,-11.265063,3.991256
2021-04-07 17:30:29,2.6360965,-10.97775,2.7558103
2021-04-07 17:30:29,2.770176,-9.809344,1.5874043
2021-04-07 17:30:29,0.45491222,-8.681641,1.3814965
2021-04-07 17:30:29,-3.2993107,-9.423865,2.997632
2021-04-07 17:30:29,-4.350397,-11.1453495,2.6337023
2021-04-07 17:30:29,-4.537151,-12.625011,0.30646718
2021-04-07 17:30:29,-6.550736,-16.187693,-2.4589202
2021-04-07 17:30:30,-3.8787253,-13.774263,-1.4437478
2021-04-07 17:30:30,-3.047912,-10.834093,-0.9505271
2021-04-07 17:30:30,-0.8332076,-9.802161,0.21787901
2021-04-07 17:30:30,-0.3998439,-10.726351,2.5187771
2021-04-07 17:30:30,-0.03351985,-9.873989,2.1644244
2021-04-07 17:30:30,-0.70631105,-8.080677,2.1979442
2021-04-07 17:30:30,-0.8092649,-6.8284717,1.6017698
2021-04-07 17:30:30,-0.8571504,-6.938608,0.80687064
2021-04-07 17:30:30,-1.1612233,-6.5483418,0.89545876
2021-04-07 17:30:30,-1.951334,-6.055121,0.82602483
2021-04-07 17:30:30,-2.4708917,-5.3033185,0.4285752
2021-04-07 17:30:30,-2.116539,-4.7262983,0.4644893
2021-04-07 17:30:30,-2.4780743,-4.8484063,1.4676905
2021-04-07 17:30:30,-2.1213274,-6.3208857,2.6169424
2021-04-07 17:30:30,-2.2194927,-8.956982,3.0957973
2021-04-07 17:30:30,-1.8771114,-10.831699,5.0758624
2021-04-07 17:30:30,-1.0462981,-12.376006,7.206767
2021-04-07 17:30:30,1.1037607,-13.192454,7.5036573
2021-04-07 17:30:30,0.7206767,-11.332103,7.0870533
2021-04-07 17:30:30,-0.9696813,-9.488511,5.880339
2021-04-07 17:30:30,-1.951334,-8.317711,5.2267017
2021-04-07 17:30:30,-0.3902668,-7.642525,5.276982
2021-04-07 17:30:30,0.8571504,-7.1780357,4.8938975
2021-04-07 17:30:30,1.1037607,-7.867587,5.609786
2021-04-07 17:30:30,-1.1803775,-12.014471,4.800521
2021-04-07 17:30:30,-3.9146392,-11.892363,3.4453614
2021-04-07 17:30:30,-5.1620564,-13.965805,1.7143008
2021-04-07 17:30:30,-5.1452966,-11.705609,4.2474437
2021-04-07 17:30:30,-6.1556807,-5.3105016,1.0032011
2021-04-07 17:30:30,-3.8188684,-5.2027593,-0.818842
2021-04-07 17:30:30,-1.9728824,-9.29218,-1.2450229
2021-04-07 17:30:30,-0.16281068,-12.675291,-2.4469488
2021-04-07 17:30:30,1.9944309,-12.227561,-1.8100717
2021-04-07 17:30:30,1.8268317,-10.625792,-0.7589851
2021-04-07 17:30:30,0.37590113,-9.284998,1.3791022
2021-04-07 17:30:30,-1.4126221,-8.449396,3.8667538
2021-04-07 17:30:30,-2.7558103,-9.921875,3.5435266
2021-04-07 17:30:30,-2.3056867,-10.010463,2.978478
2021-04-07 17:30:30,-1.7214836,-8.820508,1.9321798
2021-04-07 17:30:30,-0.3998439,-8.305739,-0.45730647
2021-04-07 17:30:30,1.0295382,-8.545167,-3.0191805
2021-04-07 17:30:30,1.0343267,-8.822903,-0.71588814
2021-04-07 17:30:30,-2.0949905,-9.167678,3.0335462
2021-04-07 17:30:30,-3.0000262,-9.737515,4.1540666
2021-04-07 17:30:30,-1.5921928,-9.471751,2.1404817
2021-04-07 17:30:31,-0.53392327,-9.3592205,1.0726352
2021-04-07 17:30:31,-0.03351985,-9.033599,1.1779832
2021-04-07 17:30:31,0.42618093,-9.1628895,1.9058428
2021-04-07 17:30:31,-0.1987248,-9.63935,2.0902019
2021-04-07 17:30:31,-0.41181526,-9.783007,1.9656997
2021-04-07 17:30:31,-0.019154198,-9.852441,1.3934679
2021-04-07 17:30:31,0.8332076,-9.948212,0.38068968
2021-04-07 17:30:31,0.7972935,-9.514848,0.2370332
2021-04-07 17:30:31,-0.80208206,-9.888355,1.9369683
2021-04-07 17:30:31,-1.0726352,-10.151725,2.7845416
2021-04-07 17:30:31,-0.4189981,-10.716774,2.0782306
2021-04-07 17:30:31,-0.11013664,-10.64734,1.6759924
2021-04-07 17:30:31,0.15802214,-10.424672,2.4206119
2021-04-07 17:30:31,1.1037607,-11.090281,2.4780743
2021-04-07 17:30:31,2.4948344,-11.262669,3.318465
2021-04-07 17:30:31,3.3663504,-12.167705,2.604971
2021-04-07 17:30:31,3.8906965,-12.055174,1.4509305
2021-04-07 17:30:31,2.1237218,-11.277035,0.89067024
2021-04-07 17:30:31,-0.69912827,-9.931452,0.845179
2021-04-07 17:30:31,-3.6728175,-10.494106,1.6352897
2021-04-07 17:30:31,-5.3727527,-12.203619,1.6759924
2021-04-07 17:30:31,-7.1756415,-14.083124,-0.5219519
2021-04-07 17:30:31,-7.3863378,-14.401563,-2.3679378
2021-04-07 17:30:31,-4.45814,-12.443047,-1.0558752
2021-04-07 17:30:31,0.34956414,-10.941835,-0.9529214
2021-04-07 17:30:31,1.472479,-11.736735,0.13647367
2021-04-07 17:30:31,0.34956414,-11.092675,2.1404817
2021-04-07 17:30:31,-0.41420954,-9.069513,1.8507744
2021-04-07 17:30:31,-0.25858167,-7.2426815,1.7478206
2021-04-07 17:30:31,-0.1987248,-6.2753944,1.6233183
2021-04-07 17:30:31,-0.42139238,-5.973716,1.3647367
2021-04-07 17:30:31,-0.9385557,-5.4709177,0.9984126
2021-04-07 17:30:31,-1.5634614,-4.7622128,0.8236305
2021-04-07 17:30:31,-1.498816,-4.199558,0.35674694
2021-04-07 17:30:31,-1.4676905,-4.065479,0.29689008
2021-04-07 17:30:31,-1.6831752,-4.1516724,0.8475733
2021-04-07 17:30:31,-1.594587,-5.2027593,2.1979442
2021-04-07 17:30:31,-1.8962656,-8.217151,3.4286015
2021-04-07 17:30:31,-2.3775148,-13.364842,5.748654
2021-04-07 17:30:31,-0.5770202,-19.858116,10.7479
2021-04-07 17:30:31,1.8890828,-16.484583,9.569917
2021-04-07 17:30:31,-0.54350036,-9.265843,7.623371
2021-04-07 17:30:31,-0.8643332,-6.098218,5.767808
2021-04-07 17:30:31,-0.88588166,-5.6935854,4.070267
2021-04-07 17:30:31,0.06464542,-6.301731,3.5076127
2021-04-07 17:30:31,-0.7302538,-11.202812,3.5554981
2021-04-07 17:30:31,-1.7837347,-10.61382,4.14449
2021-04-07 17:30:31,-2.8611584,-11.617022,4.393494
2021-04-07 17:30:31,-2.5570855,-13.132597,2.516383
2021-04-07 17:30:31,-4.503631,-11.056761,0.36632404
2021-04-07 17:30:31,-4.565882,-7.6640735,-0.37829542
2021-04-07 17:30:31,-4.1612496,-10.046377,-0.9217958
2021-04-07 17:30:31,-2.4158232,-9.663293,-1.4341706
2021-04-07 17:30:31,0.6273,-8.688824,-2.413429
2021-04-07 17:30:32,2.82285,-9.42626,-2.6983478
2021-04-07 17:30:32,1.3024855,-10.338479,-0.25858167
2021-04-07 17:30:32,-0.75659084,-8.818114,3.962525
2021-04-07 17:30:32,-2.0087965,-9.251478,4.496448
2021-04-07 17:30:32,-1.5514901,-9.847652,4.3025117
2021-04-07 17:30:32,-0.43815228,-9.957788,1.8890828
2021-04-07 17:30:32,0.48843205,-9.799767,-3.1365
2021-04-07 17:30:32,1.5706443,-8.810931,-4.4413795
2021-04-07 17:30:32,0.25858167,-8.58587,-0.098165266
2021-04-07 17:30:32,-1.4700848,-9.103033,3.7661943
2021-04-07 17:30:32,-2.1021733,-9.531608,2.6767993
2021-04-07 17:30:32,-2.0087965,-9.550762,1.8962656
2021-04-07 17:30:32,-1.838803,-9.495694,1.3886794
2021-04-07 17:30:32,-0.7541966,-9.5794935,1.6520497
2021-04-07 17:30:32,0.22745611,-9.80695,1.4150164
2021-04-07 17:30:32,0.87151605,-9.39274,1.350371
2021-04-07 17:30:32,0.25139886,-8.909097,1.446142
2021-04-07 17:30:32,0.021548472,-9.016839,1.7454263
2021-04-07 17:30:32,0.4764607,-9.802161,1.776552
2021-04-07 17:30:32,1.3862851,-10.245102,1.7621863
2021-04-07 17:30:32,1.0582695,-10.410307,1.1133378
2021-04-07 17:30:32,0.09577099,-9.979338,1.0223553
2021-04-07 17:30:32,-0.409421,-10.91071,1.1708003
2021-04-07 17:30:32,0.2657645,-12.366429,1.3671309
2021-04-07 17:30:32,1.2498114,-12.524451,2.1069617
2021-04-07 17:30:32,1.6759924,-12.706416,1.5562786
2021-04-07 17:30:32,0.8379962,-12.747119,1.7071179
2021-04-07 17:30:32,-0.9720756,-11.423085,1.4413534
2021-04-07 17:30:32,-2.3870919,-10.285805,1.3743137
2021-04-07 17:30:32,-2.5858169,-9.792584,1.7957062
2021-04-07 17:30:32,-3.9529476,-10.9490185,1.3312168
2021-04-07 17:30:32,-6.0670924,-12.18207,-0.25139886
2021-04-07 17:30:32,-7.8292785,-13.182878,-1.7238779
2021-04-07 17:30:32,-5.1021996,-11.657724,0.1699935
2021-04-07 17:30:32,-0.25139886,-10.551569,-0.5411061
2021-04-07 17:30:32,0.7805336,-10.908316,1.3407938
2021-04-07 17:30:32,0.16759923,-9.505271,2.2075214
2021-04-07 17:30:32,0.45970076,-8.490098,2.4349775
2021-04-07 17:30:32,0.0023942748,-7.450983,2.291321
2021-04-07 17:30:32,0.057462595,-6.694392,1.5299416
2021-04-07 17:30:32,-0.14844504,-6.244269,0.77574503
2021-04-07 17:30:32,-1.0846065,-5.89231,0.6249057
2021-04-07 17:30:32,-1.9896424,-5.777385,0.67757976
2021-04-07 17:30:32,-2.2673783,-5.5307746,0.44294083
2021-04-07 17:30:32,-2.4182177,-5.3248672,0.37350687
2021-04-07 17:30:32,-1.8220432,-5.375147,1.0702409
2021-04-07 17:30:32,-1.2522057,-6.6800265,1.5921928
2021-04-07 17:30:32,-1.0774237,-9.718362,2.0902019
2021-04-07 17:30:32,-1.0462981,-14.353678,6.5148215
2021-04-07 17:30:32,0.56265455,-15.332936,9.1628895
2021-04-07 17:30:32,0.9792584,-12.407132,7.6305537
2021-04-07 17:30:32,0.56744313,-8.861211,6.098218
2021-04-07 17:30:32,-1.0822122,-8.011244,5.0423427
2021-04-07 17:30:33,-0.46209505,-7.9992723,4.12773
2021-04-07 17:30:33,1.2881198,-7.570697,3.840417
2021-04-07 17:30:33,2.3990633,-7.3432407,4.252232
2021-04-07 17:30:33,2.1668186,-7.972935,5.1261425
2021-04-07 17:30:33,-0.03351985,-11.904334,5.200365
2021-04-07 17:30:33,-3.179597,-13.690463,2.6528566
2021-04-07 17:30:33,-5.547535,-15.332936,1.8890828
2021-04-07 17:30:33,-4.7765784,-13.214003,4.4222255
2021-04-07 17:30:33,-5.1261425,-6.759038,1.1803775
2021-04-07 17:30:33,-4.932206,-5.952167,-0.26097596
2021-04-07 17:30:33,-3.2801564,-7.9346266,-2.3368123
2021-04-07 17:30:33,-0.66800267,-8.454185,-2.9904492
2021-04-07 17:30:33,1.5921928,-9.90272,-3.4860642
2021-04-07 17:30:33,2.2075214,-10.896344,-1.6807809
2021-04-07 17:30:33,1.7406378,-9.967366,2.2075214
2021-04-07 17:30:33,0.60335726,-10.190034,4.7885494
2021-04-07 17:30:33,-1.2881198,-10.858036,4.695173
2021-04-07 17:30:33,-1.9752767,-10.1541195,3.8308396
2021-04-07 17:30:33,-2.0159793,-9.72315,0.58420306
2021-04-07 17:30:33,1.1468576,-9.536397,-4.333637
2021-04-07 17:30:33,2.3751206,-8.935433,-4.479688
2021-04-07 17:30:33,0.7589851,-8.348836,0.72785956
2021-04-07 17:30:33,-1.9872481,-8.432636,3.6704233
2021-04-07 17:30:33,-2.892284,-9.172467,2.944958
2021-04-07 17:30:33,-2.152453,-9.488511,2.343995
2021-04-07 17:30:33,-0.047885496,-9.701602,0.55786604
2021-04-07 17:30:33,-0.28013015,-9.596253,1.7430321
2021-04-07 17:30:33,-0.68236834,-9.368797,3.9266107
2021-04-07 17:30:33,0.21309046,-8.978531,3.1341057
2021-04-07 17:30:33,1.0486923,-8.892337,1.0462981
2021-04-07 17:30:33,1.1779832,-9.059936,2.7175019
2021-04-07 17:30:33,0.08858817,-10.072714,4.0343533
2021-04-07 17:30:33,0.3519584,-10.046377,2.4996228
2021-04-07 17:30:33,0.9624985,-9.869201,-0.30167863
2021-04-07 17:30:33,-0.24182175,-9.213169,-0.4644893
2021-04-07 17:30:33,-0.50758624,-9.763853,0.035914123
2021-04-07 17:30:33,-0.54828894,-11.65533,1.0846065
2021-04-07 17:30:33,0.33759275,-11.96898,1.0079896
2021-04-07 17:30:33,0.58420306,-12.074327,1.5586729
2021-04-07 17:30:33,1.9369683,-12.057568,1.5227587
2021-04-07 17:30:33,2.5044115,-12.318543,1.5012103
2021-04-07 17:30:33,0.845179,-12.4909315,1.8866886
2021-04-07 17:30:33,-1.4078336,-11.803775,1.8866886
2021-04-07 17:30:33,-2.3631492,-9.862018,1.7406378
2021-04-07 17:30:33,-2.5858169,-9.96976,2.6217308
2021-04-07 17:30:33,-3.2538195,-11.12859,1.1708003
2021-04-07 17:30:34,-5.8947043,-12.093482,-1.8675344
2021-04-07 17:30:34,-6.454965,-12.950632,-2.152453
2021-04-07 17:30:34,-3.5171897,-12.368824,0.07422252
2021-04-07 17:30:34,-0.4070267,-11.073521,-1.0295382
2021-04-07 17:30:34,0.52674043,-10.678466,2.360755
2021-04-07 17:30:34,0.53871185,-9.591465,2.2625897
2021-04-07 17:30:34,0.68715686,-8.10462,2.4972286
2021-04-07 17:30:34,0.8332076,-7.474926,2.4780743
2021-04-07 17:30:34,0.6464542,-6.8476257,1.951334
2021-04-07 17:30:34,-0.13886794,-6.3831367,0.65124273
2021-04-07 17:30:34,-1.1899546,-5.8611846,0.16759923
2021-04-07 17:30:34,-1.9752767,-5.5619006,-0.14844504
2021-04-07 17:30:34,-2.5211713,-5.9258304,-0.15562786
2021-04-07 17:30:34,-2.343995,-5.8827333,0.10055954
2021-04-07 17:30:34,-1.8579572,-5.9473786,0.46209505
2021-04-07 17:30:34,-2.7079248,-7.699988,1.9992194
2021-04-07 17:30:34,-3.3735332,-9.974549,3.1939626
2021-04-07 17:30:34,-3.3783216,-12.725571,6.2514515
2021-04-07 17:30:34,0.26097596,-13.972988,8.775017
2021-04-07 17:30:34,1.0582695,-13.48695,7.292961
2021-04-07 17:30:34,-1.0750294,-8.822903,7.065505
2021-04-07 17:30:34,-1.5658557,-7.8795586,5.39909
2021-04-07 17:30:34,0.05027977,-8.10462,4.9944572
2021-04-07 17:30:34,1.0151725,-8.044764,4.051113
2021-04-07 17:30:34,1.9273912,-6.9218483,3.8308396
2021-04-07 17:30:34,1.9393626,-6.318491,5.1213536
2021-04-07 17:30:34,0.749408,-7.1564875,5.193182
2021-04-07 17:30:34,-1.0391153,-12.014471,5.5786605
2021-04-07 17:30:34,-2.5475085,-12.598674,3.3208592
2021-04-07 17:30:34,-3.407053,-15.687288,0.9624985
2021-04-07 17:30:34,-2.7294734,-13.508498,5.461341
2021-04-07 17:30:34,-3.093403,-10.05356,3.5171897
2021-04-07 17:30:34,-5.166845,-4.9872746,1.446142
2021-04-07 17:30:34,-5.044737,-5.6361227,0.11253092
2021-04-07 17:30:34,-2.0375278,-6.349617,-1.2785428
2021-04-07 17:30:34,3.0096035,-9.627379,-3.5435266
2021-04-07 17:30:34,4.333637,-12.550789,-3.6919718
2021-04-07 17:30:34,3.0239692,-10.632975,0.37111259
2021-04-07 17:30:34,1.6137413,-10.551569,5.1429024
2021-04-07 17:30:34,-0.6249057,-10.735929,5.7462597
2021-04-07 17:30:34,-2.988055,-9.725544,3.964919
2021-04-07 17:30:34,-2.9210153,-9.000079,1.5850099
2021-04-07 17:30:34,-1.446142,-8.885154,-3.2801564
2021-04-07 17:30:34,0.66321415,-8.197997,-2.2601955
2021-04-07 17:30:34,0.28970724,-8.612206,1.211503
2021-04-07 17:30:34,-0.8356019,-9.014444,3.469304
2021-04-07 17:30:34,-1.4772675,-9.138947,3.5147953
2021-04-07 17:30:34,-0.70870537,-9.296969,2.2673783
2021-04-07 17:30:34,0.13168511,-9.478934,1.1564348
2021-04-07 17:30:34,-0.29210153,-9.522031,1.6759924
2021-04-07 17:30:34,-0.6344828,-9.541185,2.205127
2021-04-07 17:30:34,-1.2713599,-9.268238,1.8555629
2021-04-07 17:30:34,-1.4509305,-10.032011,1.5658557
2021-04-07 17:30:34,-0.32562137,-8.739103,0.24421602
2021-04-07 17:30:35,0.86193895,-8.868394,0.38547826
2021-04-07 17:30:35,0.0670397,-9.608225,0.71588814
2021-04-07 17:30:35,-1.1109436,-10.05356,1.2402344
2021-04-07 17:30:35,-0.41420954,-10.992116,0.28252444
2021-04-07 17:30:35,-1.1061549,-10.968173,1.132492
2021-04-07 17:30:35,0.4836435,-10.941835,1.9537282
2021-04-07 17:30:35,1.1348863,-11.708004,1.4269878
2021-04-07 17:30:35,1.4772675,-11.315343,1.5802214
2021-04-07 17:30:35,3.0742488,-11.327314,2.6193366
2021-04-07 17:30:35,1.1300977,-12.974575,2.317658
2021-04-07 17:30:35,2.0542877,-12.239532,1.6712039
2021-04-07 17:30:35,1.3814965,-10.922682,1.0319325
2021-04-07 17:30:35,-0.6105401,-9.47654,0.35674694
2021-04-07 17:30:35,-2.9904492,-9.629773,1.3623424
2021-04-07 17:30:35,-5.1979704,-12.184464,2.9329867
2021-04-07 17:30:35,-5.027977,-11.581107,0.99362403
2021-04-07 17:30:35,-6.100612,-12.177281,-1.7310607
2021-04-07 17:30:35,-4.932206,-12.124608,-1.1348863
2021-04-07 17:30:35,-1.7358493,-11.875603,-0.06464542
2021-04-07 17:30:35,0.9122187,-10.999298,-0.29928434
2021-04-07 17:30:35,0.90503585,-10.285805,1.759792
2021-04-07 17:30:35,-0.31604427,-9.785401,1.8292259
2021-04-07 17:30:35,-0.26097596,-8.770228,2.047105
2021-04-07 17:30:35,0.1340794,-7.7239304,1.8651401
2021-04-07 17:30:35,-0.63208854,-6.411868,0.9385557
2021-04-07 17:30:35,-1.5083932,-5.9378014,1.9130256
2021-04-07 17:30:35,-3.4046588,-6.507639,-0.3423813
2021-04-07 17:30:35,-2.5906053,-6.0096297,0.69673395
2021-04-07 17:30:35,-2.5283542,-5.377541,0.818842
2021-04-07 17:30:35,-2.4086404,-5.3631754,1.0822122
2021-04-07 17:30:35,-2.7845416,-7.2187386,2.9497466
2021-04-07 17:30:35,-1.8579572,-8.442213,2.8898897
2021-04-07 17:30:35,-0.7805336,-9.802161,3.6536634
2021-04-07 17:30:35,-2.2099156,-11.169292,6.237086
2021-04-07 17:30:35,-0.4668836,-12.210801,8.310528
2021-04-07 17:30:35,0.24421602,-10.91071,7.101419
2021-04-07 17:30:35,-0.15083931,-9.356826,6.2538457
2021-04-07 17:30:35,-0.69912827,-8.825297,5.5954204
2021-04-07 17:30:35,0.03351985,-8.650515,5.0495257
2021-04-07 17:30:35,0.6249057,-7.8532214,4.3623686
2021-04-07 17:30:35,1.2665714,-6.873963,4.9417834
2021-04-07 17:30:35,1.8196489,-6.325674,5.7127395
2021-04-07 17:30:35,1.8292259,-6.550736,5.0806513
2021-04-07 17:30:35,0.57462597,-9.490906,4.312089
2021-04-07 17:30:35,-1.1181264,-11.710398,3.2610023
2021-04-07 17:30:36,-1.9417568,-13.022461,1.1396748
2021-04-07 17:30:36,-2.1069617,-15.371244,3.9194279
2021-04-07 17:30:36,-7.0128307,-12.974575,7.85801
2021-04-07 17:30:36,-8.935433,-7.391126,1.951334
2021-04-07 17:30:36,-4.6760187,-8.05434,-0.46209505
2021-04-07 17:30:36,1.0870007,-9.859624,-3.1221344
2021-04-07 17:30:36,2.7462332,-10.331296,-1.908237
2021-04-07 17:30:36,3.0527003,-7.905895,-1.3264283
2021-04-07 17:30:36,1.0127783,-8.135746,0.031125572
2021-04-07 17:30:36,1.0223553,-9.208381,2.4062462
2021-04-07 17:30:36,2.4254005,-10.190034,1.3791022
2021-04-07 17:30:36,4.486871,-10.534809,4.9274178
2021-04-07 17:30:36,3.3495905,-9.586677,0.9074302
2021-04-07 17:30:36,1.8411974,-8.964165,-1.1636176
2021-04-07 17:30:36,1.1827718,-8.394327,0.3232271
2021-04-07 17:30:36,3.0886145,-7.223527,1.6448668
2021-04-07 17:30:36,4.783761,-6.941003,2.8563697
2021-04-07 17:30:36,4.0032277,-8.109408,3.3208592
2021-04-07 17:30:36,3.4333901,-8.521224,2.8084843
2021-04-07 17:30:36,3.050306,-9.088667,2.595394
2021-04-07 17:30:36,1.8220432,-9.340066,3.5076127
2021-04-07 17:30:36,2.762993,-9.136553,3.2825508
2021-04-07 17:30:36,3.7254915,-9.14613,2.588211
2021-04-07 17:30:36,3.7446458,-8.968953,1.3288225
2021-04-07 17:30:36,4.4222255,-8.961771,1.6520497
2021-04-07 17:30:36,5.0184,-8.0711,1.9848539
2021-04-07 17:30:36,3.938582,-7.805336,0.9313729
2021-04-07 17:30:36,1.960911,-9.4095,0.7877164
2021-04-07 17:30:36,3.5076127,-9.591465,1.4341706
2021-04-07 17:30:36,3.4022646,-9.5483675,1.5921928
2021-04-07 17:30:36,5.33205,-10.688043,1.5874043
2021-04-07 17:30:36,6.368771,-11.159715,1.8962656
2021-04-07 17:30:36,7.3049326,-11.545193,2.8156672
2021-04-07 17:30:36,7.4892917,-11.102252,2.5115943
2021-04-07 17:30:36,5.525986,-11.523644,2.3368123
2021-04-07 17:30:36,3.232271,-11.296188,2.988055
2021-04-07 17:30:36,1.2043202,-11.360834,2.971295
2021-04-07 17:30:36,0.17238778,-12.019259,4.7622128
2021-04-07 17:30:36,0.32801566,-11.576319,2.2985039
2021-04-07 17:30:36,0.38308397,-11.123801,-0.4932206
2021-04-07 17:30:36,0.38308397,-11.545193,-4.216318
2021-04-07 17:30:36,2.439766,-10.453403,-2.6337023
2021-04-07 17:30:36,3.6800003,-10.759871,4.041536
2021-04-07 17:30:36,3.284945,-10.146936,4.925023
2021-04-07 17:30:36,3.4262073,-7.101419,2.4684973
2021-04-07 17:30:36,2.4589202,-6.8524146,2.9162266
2021-04-07 17:30:36,3.2729738,-6.605804,3.3591676
2021-04-07 17:30:36,3.4980354,-5.916253,2.47568
2021-04-07 17:30:36,2.3799093,-5.954561,1.2761484
2021-04-07 17:30:36,0.86912173,-5.727105,1.4796618
2021-04-07 17:30:36,0.32801566,-5.3799353,1.7502149
2021-04-07 17:30:36,0.11971374,-5.166845,1.1684061
2021-04-07 17:30:36,0.46927786,-4.5610933,1.5395187
2021-04-07 17:30:36,0.6249057,-5.0160055,2.083019
2021-04-07 17:30:37,0.7541966,-6.864386,2.3966691
2021-04-07 17:30:37,3.189174,-8.023215,4.8555894
2021-04-07 17:30:37,5.317684,-10.041589,7.16367
2021-04-07 17:30:37,11.681666,-13.98017,16.57796
2021-04-07 17:30:37,9.311335,-11.004087,7.927444
2021-04-07 17:30:37,4.288146,-7.513234,7.8963184
2021-04-07 17:30:37,3.1748085,-6.002447,6.158075
2021-04-07 17:30:37,2.5738454,-8.710372,2.9689007
2021-04-07 17:30:37,4.0989985,-10.448615,4.4318027
2021-04-07 17:30:37,3.938582,-11.933065,2.803696
2021-04-07 17:30:37,4.120547,-10.4294615,2.7582045
2021-04-07 17:30:37,3.162837,-9.4095,2.3152637
2021-04-07 17:30:37,2.1716073,-9.924269,0.35435268
2021-04-07 17:30:37,2.875524,-9.44302,-0.82602483
2021-04-07 17:30:37,4.652076,-8.633755,-1.1205206
2021-04-07 17:30:37,5.1237483,-8.348836,0.46209505
2021-04-07 17:30:37,6.079064,-8.0375805,0.4668836
2021-04-07 17:30:37,5.2219133,-8.810931,0.38787252
2021-04-07 17:30:37,6.016813,-8.267431,2.5858169
2021-04-07 17:30:37,5.6768255,-8.820508,2.2721667
2021-04-07 17:30:37,4.723904,-8.875577,2.8970726
2021-04-07 17:30:37,5.3105016,-8.870789,1.5658557
2021-04-07 17:30:37,4.695173,-9.77343,0.9074302
2021-04-07 17:30:37,3.7757714,-9.694419,0.8140534
2021-04-07 17:30:37,3.1460772,-9.953,1.515576
2021-04-07 17:30:37,3.6895776,-10.513261,2.6528566
2021-04-07 17:30:37,5.2267017,-10.180456,3.3998702
2021-04-07 17:30:37,5.1237483,-9.229929,3.833234
2021-04-07 17:30:37,4.7071443,-9.519637,3.284945
2021-04-07 17:30:37,5.9473786,-8.358414,2.0925963
2021-04-07 17:30:37,6.404685,-8.526012,2.0159793
2021-04-07 17:30:37,5.593026,-8.126168,5.1213536
2021-04-07 17:30:37,5.4134555,-7.6736507,0.15802214
2021-04-07 17:30:37,5.8204823,-6.8356547,2.2554069
2021-04-07 17:30:37,2.9162266,-9.026416,7.292961
2021-04-07 17:30:37,4.393494,-9.098245,10.312141
2021-04-07 17:30:37,6.4693303,-9.11261,4.4749
2021-04-07 17:30:37,7.1924014,-8.2578535,-1.9944309
2021-04-07 17:30:37,6.095824,-8.078283,-3.5363438
2021-04-07 17:30:37,5.461341,-7.9346266,0.24900457
2021-04-07 17:30:37,3.964919,-8.76544,4.1804037
2021-04-07 17:30:37,2.6217308,-9.234718,9.953
2021-04-07 17:30:37,3.1269228,-10.371999,14.399169
2021-04-07 17:30:37,3.3950818,-11.526039,10.96099
2021-04-07 17:30:37,3.3400133,-11.63857,6.0862465
2021-04-07 17:30:38,2.6959534,-10.486923,3.0646718
2021-04-07 17:30:38,1.6041641,-9.2419,2.6624336
2021-04-07 17:30:38,-0.6273,-9.150918,4.11097
2021-04-07 17:30:38,-2.264984,-8.846846,4.2115293
2021-04-07 17:30:38,-1.9202085,-8.432636,3.3567734
2021-04-07 17:30:38,-0.845179,-8.293768,3.5650752
2021-04-07 17:30:38,-0.15802214,-7.398309,3.615355
2021-04-07 17:30:38,-0.045491222,-6.864386,3.15326
2021-04-07 17:30:38,0.35914123,-6.699181,3.469304
2021-04-07 17:30:38,-0.09577099,-6.5052447,4.2211065
2021-04-07 17:30:38,-0.98404694,-6.423839,3.7087317
2021-04-07 17:30:38,-1.1971374,-5.9856873,3.0886145
2021-04-07 17:30:38,-0.41181526,-5.238673,4.35758
2021-04-07 17:30:38,-0.32801566,-4.8388295,5.3368387
2021-04-07 17:30:38,-3.1556542,-4.565882,5.233885
2021-04-07 17:30:38,-5.008823,-3.9313993,5.8659735
2021-04-07 17:30:38,-4.5467277,-3.6704233,5.0231886
2021-04-07 17:30:38,-3.4094474,-4.563488,6.8524146
2021-04-07 17:30:38,-0.845179,-4.96812,6.2179317
2021-04-07 17:30:38,-0.028731298,-4.9968514,6.0407553
2021-04-07 17:30:38,-0.7733508,-5.446975,6.9840994
2021-04-07 17:30:38,-2.9665065,-6.1532865,7.7742105
2021-04-07 17:30:38,-3.2370596,-6.2586346,7.901107
2021-04-07 17:30:38,-2.4110348,-6.1461034,8.9186735
2021-04-07 17:30:38,-1.9896424,-6.179623,9.651321
2021-04-07 17:30:38,-2.466103,-6.7207294,9.237112
2021-04-07 17:30:38,-3.3232534,-6.8500204,9.06233
2021-04-07 17:30:38,-4.0391417,-6.550736,9.466963
2021-04-07 17:30:38,-3.8547823,-6.7398834,9.797373
2021-04-07 17:30:38,-3.3567734,-7.80773,9.962578
2021-04-07 17:30:38,-3.2993107,-8.107015,10.654523
2021-04-07 17:30:38,-3.2681851,-7.5659084,9.687236
2021-04-07 17:30:38,-3.2610023,-6.7279124,9.174861
2021-04-07 17:30:38,-2.5499027,-6.0072355,8.901914
2021-04-07 17:30:38,-1.6879637,-5.5451403,7.9609637
2021-04-07 17:30:38,-1.5490957,-5.1812105,5.784568
